participant,side,Sampler,seed,fold,sigma_noise,A_repulsion,gamma,sigma_update,eta_learning,sigma_boundary,alpha,train error,test error
QP0100,Asym_right,CMA-ES,1,1,0.18464152968584596,0.17634761377825212,0.6774603221464881,0.10283508814923731,1.0537383811522198,1.0884520978130625,0.5362715894272497,0.05890611129303406,0.08626250284568542
QP0100,Asym_right,CMA-ES,1,2,0.34802629870945745,0.1424616280044651,0.559167928505824,0.28847672621683074,0.6685550267905646,5.441387477883353,0.8838747500541257,0.03406175041742217,0.06178557441419405
QP0100,Asym_right,CMA-ES,2,1,0.2809322644359148,0.25806667980368947,0.7104081819119583,0.16070602146994964,2.422057126424097,1.830110335601431,0.619069651904307,0.03946298968024339,0.05638125087752034
QP0100,Asym_right,CMA-ES,2,2,0.3253926960105612,0.21401461272525077,0.9547064719833015,0.3469848764469537,2.4563055985061366,5.36906735569958,0.6042169565255359,0.024314717632865326,0.044614140118350396
QP0100,Asym_right,CMA-ES,3,1,0.30175067272282724,0.12496616600970543,0.8002363603180275,0.5290761656926364,2.130689357544185,7.330898876528726,0.7795298319140448,0.02036747957358173,0.07498685864921337
QP0100,Asym_right,CMA-ES,3,2,0.38459223226592354,0.16574096607579558,0.5128198589645837,0.43089369357690027,2.0944514143467674,7.0917230813980465,0.9727115477946993,0.024478724003999225,0.07536525775914138
QP0100,Asym_right,CMA-ES,4,1,0.35129318475124005,0.023496577558315745,0.8844831821411221,0.4720829434489696,1.175309973744933,4.710902295688723,0.8220360162277092,0.03468831116169386,0.03766604139605996
QP0100,Asym_right,CMA-ES,4,2,0.31550431524126366,0.30051163302364475,0.8765917351752366,0.3947868598522685,2.488760551776129,4.914886852455014,0.5849035266760733,0.05262703773425974,0.052050483119306476
QP0100,Asym_right,CMA-ES,5,1,0.29716293171949626,0.1059438401289364,0.8220690894686589,0.2480695347423196,1.154522388325439,3.718782452129343,0.9442926501983182,0.03279396962944971,0.055115253611511934
QP0100,Asym_right,CMA-ES,5,2,0.24752991965045767,0.13393044851955427,0.17530928627659514,0.09213490203062132,0.1952034232443141,8.54187658622187,0.3469393787063234,0.04213094757585896,0.05555516184740632
QP0100,Asym_right,CMA-ES,6,1,0.43752099788770443,0.17238822090685535,0.9893806717871229,0.1166560209296834,0.058429496855124594,5.246357937869639,0.861867678324408,0.04873410189379577,0.09181785367564244
QP0100,Asym_right,CMA-ES,6,2,0.2738257166917201,0.19200358815060423,0.6534548331562773,0.27506000553733995,1.461154116175196,5.53000525858282,0.6842212214887726,0.03818101524079989,0.08903550849134148
QP0100,Asym_right,CMA-ES,7,1,0.41060693550529853,0.23328822633132892,0.7296512290198001,0.3694371769763517,1.0265901415917917,7.221082707154631,0.8455197846535363,0.03001287805731488,0.0746711009995493
QP0100,Asym_right,CMA-ES,7,2,0.3375727191819494,0.2086413336388735,0.9824474574796312,0.4443360538405731,1.7753090606593775,0.853717595335161,0.8101902054944121,0.028921461318014666,0.07835765246815923
QP0100,Asym_right,CMA-ES,8,1,0.29885275509693704,0.3451805086420564,0.780290739419124,0.2193301431488702,0.6222519657999553,3.082150672804589,0.5934920092558501,0.023335595480779743,0.05084669438747487
QP0100,Asym_right,CMA-ES,8,2,0.2939273614430486,0.4841459733646168,0.7227414913251938,0.6657546742011511,2.3600729006254895,2.6265363521711618,0.7811947291466941,0.04779407383518951,0.037036391877130835
QP0101,Asym_right,CMA-ES,1,1,0.24481169374830974,0.004784783686503508,0.804908487747954,0.253436542410762,1.8101446085738504,3.267452298448395,0.8423916129294462,0.10249554255065976,0.10114895173778554
QP0101,Asym_right,CMA-ES,1,2,0.21752693679360258,0.04042032330991649,0.9125699327254888,0.16546559612454348,1.0732690645740097,8.582886485686037,0.5548134054045445,0.07162262216434291,0.09253057683647126
QP0101,Asym_right,CMA-ES,2,1,0.18399380557763534,0.018782557017186743,0.8314481750785029,0.15915820994362617,2.333693384508915,4.116390978446549,0.6396043684398185,0.10912609355094668,0.0761087791009862
QP0101,Asym_right,CMA-ES,2,2,0.2520988720748754,0.0959293294226876,0.8921348315821037,0.3412892020133896,1.1043784521045847,7.622059236011491,0.6004587220391044,0.072491619218711,0.13797880927905284
QP0101,Asym_right,CMA-ES,3,1,0.31394703669999724,0.13414162945706576,0.9747908203015567,0.43264327018386983,2.763215568799768,1.893223467639983,0.6083841744487997,0.14199658608977317,0.06664763038096241
QP0101,Asym_right,CMA-ES,3,2,0.16886082562630933,0.0006645273646618821,0.9202415871992438,0.6284758098094358,0.554925279898927,6.709319878263906,0.6639891944630442,0.06543899737070469,0.16397932751467445
QP0101,Asym_right,CMA-ES,4,1,0.27540693150639,0.11307432269039683,0.9137593343664203,0.21395780076348497,1.4236607564964345,1.401978832735031,0.5395571017743405,0.08630969473224721,0.08585319394022342
QP0101,Asym_right,CMA-ES,4,2,0.15289673752538768,0.15191491236842258,0.807838690931163,0.17239506008083283,0.48911519508347423,0.3242209681885393,0.2477396766717358,0.07891535193632246,0.08554658207815236
QP0101,Asym_right,CMA-ES,5,1,0.2610217379645545,0.02570598842142177,0.9310592888608703,0.27025046514685597,0.9032691883413065,5.450862721742918,0.598287812332095,0.08161787213847532,0.09086249534762256
QP0101,Asym_right,CMA-ES,5,2,0.06043575669355681,0.29427050683390793,0.893128200551108,0.04672322525990022,0.045579051940036766,2.84690363973188,0.03802687309770847,0.08205416086052679,0.1357517359640376
QP0101,Asym_right,CMA-ES,6,1,0.05873532009164473,0.21490670942006385,0.5956534995174751,0.5361279496998697,0.1308508424291099,1.9441782633641924,0.18505786975046268,0.08567478316961608,0.10492303299680994
QP0101,Asym_right,CMA-ES,6,2,0.20767537963894156,0.23756415462873726,0.8701279706462637,0.2605008503609881,0.989306571387141,6.819217941317942,0.5172161549194767,0.11080118279749718,0.11096979572582827
QP0101,Asym_right,CMA-ES,7,1,0.28315682393378666,0.16977679070054386,0.993036094357818,0.2263629325890185,1.7469787158154686,4.315851263629423,0.5002111571549617,0.08645115738369255,0.08492149666236269
QP0101,Asym_right,CMA-ES,7,2,0.28667616788427186,0.06628238359011918,0.9657345842274228,0.1962643110531228,2.8227702807643604,2.1439609739211765,0.44326192453777735,0.07167301905926268,0.09281048849154089
QP0101,Asym_right,CMA-ES,8,1,0.20310538606283118,0.10142428873072806,0.996524630365324,0.23466342015500086,0.06597477501848885,0.628817742459577,0.28377103385386526,0.07938222814961456,0.1101207806308333
QP0101,Asym_right,CMA-ES,8,2,0.16885278447429997,0.23198465491049103,0.31203518896526433,0.47467090209385027,0.09033421769032293,9.134708574644717,0.29992676927657425,0.09291594987529109,0.11222815667153674
QP0103,Asym_right,CMA-ES,1,1,0.21778236033494497,0.253581063866603,0.9379010699503406,0.34682951996722294,1.730009862104413,4.647373772493699,0.5392687591371692,0.027743539037323225,0.11276541232502411
QP0103,Asym_right,CMA-ES,1,2,0.23414054036453574,0.08001709862018297,0.897050409515161,0.21344217136903604,0.6888616815204665,3.1668020475043983,0.786567451364221,0.04667198079538286,0.06674224686748775
QP0103,Asym_right,CMA-ES,2,1,0.18156397770340665,0.16191098495202405,0.6383922756349779,0.14251880918666301,2.4118866417812717,7.75779417140052,0.6621212826701466,0.10502469499119803,0.035171681867143256
QP0103,Asym_right,CMA-ES,2,2,0.19828175423071226,0.15458159669601138,0.7878716655228665,0.1497987942251426,1.8294651334671999,6.317948741332621,0.8037767028725092,0.048044107628077926,0.13084579019969844
QP0103,Asym_right,CMA-ES,3,1,0.3029998265214446,0.1566422807919312,0.9979829506111708,0.309160185285083,1.969588504263375,9.637350472131448,0.7449641260614246,0.0456205327124132,0.04954682388394552
QP0103,Asym_right,CMA-ES,3,2,0.2982951478433202,0.2692705298859622,0.9235363031953122,0.3768499737914161,1.5066531679349224,8.001689158704666,0.6771872981726322,0.04222985204327116,0.057604454389321935
QP0103,Asym_right,CMA-ES,4,1,0.2808705062494005,0.2630593540896018,0.9222252515346054,0.3339498256857963,0.2830872918777375,8.513934322644758,0.6924967566097321,0.05165084125718183,0.05830622472653575
QP0103,Asym_right,CMA-ES,4,2,0.21575662035664772,0.10304440159751493,0.9701326291962385,0.28480261271671564,0.5693339864181717,2.8671647118996946,0.6182394523635183,0.03877490687110059,0.08123773050224456
QP0103,Asym_right,CMA-ES,5,1,0.24895672848238948,0.03161061271723281,0.847471949999154,0.23934614547777075,2.0848083584664945,3.0392267618176474,0.6177471888927525,0.03070527424767159,0.0696916908562992
QP0103,Asym_right,CMA-ES,5,2,0.23518206282849746,0.07878751286694477,0.9010865919149019,0.4112517905850028,1.8302379416939676,1.1925354938413457,0.663228778166337,0.04429556797580978,0.029306981760340623
QP0103,Asym_right,CMA-ES,6,1,0.16712257335021014,0.16226136399628635,0.8474488685401368,0.1655569556115241,1.226566536034509,4.738172475473155,0.5397321959914814,0.029016505717185948,0.10592438114079274
QP0103,Asym_right,CMA-ES,6,2,0.23082076520734435,0.04583051342808375,0.975063889476591,0.19152410453966656,0.7794658828845559,9.518301136542938,0.7731318971196076,0.07483272687521013,0.03846363559528997
QP0103,Asym_right,CMA-ES,7,1,0.22260548670461244,0.16787916357181093,0.7748458998236014,0.12027278091244663,2.1935439125824656,2.9652530281449234,0.8648805584013837,0.0411811014911876,0.07850310852860487
QP0103,Asym_right,CMA-ES,7,2,0.18944965727928653,0.09632468291828365,0.9851371844417689,0.3029299880910168,1.5561852103646892,9.451279731871518,0.6741525737589817,0.044094451503140855,0.05856836445330362
QP0103,Asym_right,CMA-ES,8,1,0.16958645407185102,0.20286118053175595,0.7830061750695625,0.23399758517770108,1.4652927851731288,0.6694469849682935,0.6368780517341531,0.054079701082800795,0.08034985165856486
QP0103,Asym_right,CMA-ES,8,2,0.28584936522903487,0.010996828405229142,0.8714520527463238,0.25997138333575176,0.7497009782052265,2.7301253260856884,0.7078893387864176,0.04934567486699678,0.02708249177637282
QP0121,Asym_right,CMA-ES,1,1,0.240125608176265,0.2969921407697192,0.4515723658815258,0.37148472894068274,0.8339040423787801,3.3137365433181554,0.635542838468297,0.23117609907841447,0.2572227644788303
QP0121,Asym_right,CMA-ES,1,2,0.237156116805878,0.18189633534687752,0.6942677485667409,0.1728332781102705,2.5864175695860387,4.0628934581210485,0.6387318337086461,0.15781112839311762,0.6575850091732723
QP0121,Asym_right,CMA-ES,2,1,0.27484459671630773,0.16865033998651627,0.21253152762721306,0.4943470511393135,1.0047877989257366,7.661123946963096,0.5753119695685842,0.23313614625258378,0.6245662060847799
QP0121,Asym_right,CMA-ES,2,2,0.25474125744600856,0.35568803277687205,0.15362121178056865,0.07607353986031011,2.5989445317757056,3.3942523079440967,0.42160690185190397,0.23409238792423165,0.4981055643196
QP0121,Asym_right,CMA-ES,3,1,0.23534345160040088,0.12043125029214358,0.4074434739054249,0.11618735725724554,1.2570010156913827,1.2258561876370133,0.4271785374606285,0.28507492926137423,0.3122924926249483
QP0121,Asym_right,CMA-ES,3,2,0.22709733465509901,0.10295214537367696,0.7961980262499572,0.05457251431555849,1.5949985435758167,5.943862596780702,0.5035512806275171,0.13697697026571415,0.7068975759368847
QP0121,Asym_right,CMA-ES,4,1,0.2368188926976093,0.0028428029250429088,0.03733589657759036,0.33775571583130326,0.11882871536124473,2.0577410395914404,0.4659652946288233,0.2582432838030122,0.2771994305725559
QP0121,Asym_right,CMA-ES,4,2,0.24591855603999702,0.20056466394421538,0.5361884714005324,0.34885608994472417,1.3767793929531436,3.2283799643018902,0.6119475394220385,0.14638684231643695,0.475428727044221
QP0121,Asym_right,CMA-ES,5,1,0.10158908180676104,0.29396500378870527,0.8712453046103235,0.033727666630535065,1.833146707814105,5.260142756600359,0.5811180036174781,0.6156738596121516,0.23183333367219927
QP0121,Asym_right,CMA-ES,5,2,0.2364274810593287,0.09063878123736104,0.57883382935803,0.3801709989070352,1.3784532632415165,4.355069617892807,0.846967644026169,0.08732869952644777,0.905180531019898
QP0121,Asym_right,CMA-ES,6,1,0.12152264159180079,0.35337309253280824,0.3355453970365056,0.24263240234993333,1.1416997679744962,5.619897397978735,0.4346699053894619,0.2287671390693095,0.43349289235764255
QP0121,Asym_right,CMA-ES,6,2,0.30016148809109044,0.18648533121259053,0.5958494459518386,0.25624964912084325,1.3603543255951953,5.331038477283253,0.8223911774841581,0.17900860744941366,0.5675515009049019
QP0121,Asym_right,CMA-ES,7,1,0.23014474421956316,0.11564834653539767,0.8378305270651208,0.20660684666441795,0.5292730106603053,6.10341557886114,0.4832349609069333,0.45208195809192536,0.4024317541163256
QP0121,Asym_right,CMA-ES,7,2,0.2712916010524778,0.2979073711632638,0.7966096844207423,0.3337710153053364,1.3078057841761754,7.123887993765307,0.701434910332467,0.2666694446378029,0.42966779860617765
QP0121,Asym_right,CMA-ES,8,1,0.21836119550130978,0.22313161759342953,0.9564669114509609,0.5060179423521528,0.9061498610578583,3.594556279349827,0.8087825378009836,0.33344941913280335,0.3015151953125717
QP0121,Asym_right,CMA-ES,8,2,0.1962579272755251,0.21322545445232213,0.4210362832335603,0.2579562321334585,1.6832184552772782,6.785926298712737,0.7557501254305714,0.14470849286790544,0.40078712645114734
QP062,Asym_right,CMA-ES,1,1,0.28381239999398594,0.29247125697763987,0.851544064782552,0.2704472495747539,1.3838704155802726,4.993846637469727,0.6326061959003525,0.02681754206266793,0.036838207202238314
QP062,Asym_right,CMA-ES,1,2,0.2810421519442978,0.05960925193378368,0.865428907785081,0.3483219476979414,0.38656524753585153,4.727306635690657,0.756206804446991,0.017860279011827483,0.01627384685987019
QP062,Asym_right,CMA-ES,2,1,0.22337642234677868,0.15981292885980294,0.8384223164951279,0.3098356990417897,1.44339926847597,4.123986150102888,0.7378280894011401,0.013367318288285034,0.02920928354697755
QP062,Asym_right,CMA-ES,2,2,0.22337642234677868,0.15981292885980294,0.8384223164951279,0.3098356990417897,1.44339926847597,4.123986150102888,0.7378280894011401,0.024578873611482713,0.00819762019208866
QP062,Asym_right,CMA-ES,3,1,0.2505637132204013,0.3250766819579888,0.9184256443947173,0.2773130049267972,1.9946483247116005,4.737267878353814,0.5714288686726143,0.014019684480279753,0.024585895444023044
QP062,Asym_right,CMA-ES,3,2,0.260713721700146,0.3305271677392807,0.9742790273398666,0.35099355544330313,2.34172907431736,3.1709085202357197,0.7172454732573881,0.01194536137879697,0.022024901248693628
QP062,Asym_right,CMA-ES,4,1,0.20512545776008384,0.17229479104390272,0.8831648276085127,0.18859133690037427,2.3286009087346025,2.7503488372454235,0.7071456515904792,0.01977104419458524,0.022193924543777777
QP062,Asym_right,CMA-ES,4,2,0.24524379491030396,0.26295571951459895,0.9721427865711864,0.3077927193139459,2.2077187853743143,4.596767130332483,0.69706700584552,0.015318777317979721,0.014555590265743882
QP062,Asym_right,CMA-ES,5,1,0.32249887042009234,0.2501720455700151,0.9271329266298216,0.3549839649991917,1.1387197541104819,4.062617722997872,0.7653515918360349,0.020899395745874752,0.013449466790089248
QP062,Asym_right,CMA-ES,5,2,0.2371747044087647,0.10421367860036046,0.9209654490413776,0.3005619028531678,2.553187319515274,5.141814564602232,0.868137008600517,0.008790492618199391,0.023448730419435865
QP062,Asym_right,CMA-ES,6,1,0.26166946988064943,0.09552369392086732,0.9010291790528755,0.22887655543508612,1.4145627281313127,1.3064146605423321,0.8802035022596486,0.01880621067358056,0.021034281970659895
QP062,Asym_right,CMA-ES,6,2,0.24195430601959755,0.05963990934626097,0.8611545151193065,0.5002964734482668,0.733917683905391,7.599947529237474,0.9130490665735504,0.01681350363695286,0.016122179104494698
QP062,Asym_right,CMA-ES,7,1,0.22435972494162165,0.06842939189885325,0.8296494225163391,0.2681319490799814,2.6957515088639563,1.15360926663001,0.8461778763347262,0.022486220409338294,0.017869791297145953
QP062,Asym_right,CMA-ES,7,2,0.24752270986452946,0.0606242306044677,0.9539683884805695,0.49712902884759846,1.3212378306334174,1.8217907755100888,0.8963234825641716,0.008465016804420512,0.022474563635328064
QP062,Asym_right,CMA-ES,8,1,0.22572605269532459,0.1805931284911544,0.9697436963795267,0.060185740223733686,1.0554054433437503,7.880668548365283,0.6111727626038939,0.023350252091408494,0.012628000371766495
QP062,Asym_right,CMA-ES,8,2,0.24924442963715454,0.06788866613896145,0.8372707289463402,0.35175343569586826,0.26039200951865527,7.129913719942184,0.8820075767499251,0.01304282108603505,0.017059093820093102
QP063,Asym_right,CMA-ES,1,1,0.23842956151483768,0.007023577439024098,0.7733572154155189,0.03191878193212184,0.14227812391082517,6.33401793979898,0.4378808864789935,0.037791452661088396,0.035803810464612146
QP063,Asym_right,CMA-ES,1,2,0.22263683696372577,0.22316237430123737,0.930342432262242,0.2896532800953358,0.6782917412251179,5.457122876653628,0.6307802155624174,0.023061624585592876,0.03629722948911145
QP063,Asym_right,CMA-ES,2,1,0.2661648721953894,0.32282104675637646,0.9258229004040228,0.45964508546785143,2.0594147906977054,4.558738563864222,0.733249133856842,0.042565809429021745,0.02979987495319771
QP063,Asym_right,CMA-ES,2,2,0.22198853154956155,0.2589188239845198,0.9574316796596016,0.3762548178246627,0.6925585955935855,3.295656749525782,0.6589783879554547,0.022650530473731362,0.04300479651890544
QP063,Asym_right,CMA-ES,3,1,0.24876020009268784,0.17293777102094882,0.9170502489776635,0.29262836255716945,1.4140667588237648,5.558208299039801,0.7603554500098358,0.023987041575320785,0.02624190170144816
QP063,Asym_right,CMA-ES,3,2,0.24611889858145308,0.2727073202824807,0.8588364079269042,0.1837731097560009,1.5553085527298747,5.901352648694546,0.6090715069037699,0.03287357257559281,0.03841266729421549
QP063,Asym_right,CMA-ES,4,1,0.17964039774584944,0.07413605983493021,0.8675029100472282,0.33705960735214824,1.4001715969037136,1.584362564111284,0.8502217590395711,0.034623015454211835,0.04534680498326822
QP063,Asym_right,CMA-ES,4,2,0.2676589974436813,0.1306341449011335,0.9476413850005952,0.16953175483237434,1.9418243439843943,3.3080114513114824,0.6087497483919995,0.03293907583268339,0.0313781409827615
QP063,Asym_right,CMA-ES,5,1,0.25527474691642843,0.1334139468987091,0.9107041082934992,0.20166582984924292,2.186597620388,2.015661208603677,0.7239695385377485,0.03232086900018342,0.040112439087581615
QP063,Asym_right,CMA-ES,5,2,0.19764008726136428,0.08934240253411568,0.9920710849476814,0.2564061209886036,0.5931255059408239,2.20889407646146,0.6072428564311156,0.03110696929821057,0.025911332061199124
QP063,Asym_right,CMA-ES,6,1,0.2536429115987137,0.06253857311699831,0.9238149985445855,0.17399951081501405,2.5087986120061716,5.487494466152783,0.596155667621933,0.031973687382104786,0.034519298539353566
QP063,Asym_right,CMA-ES,6,2,0.21599335617930482,0.04138588280749085,0.9259719678243538,0.22126722191306025,0.8835506425590376,7.819719177481749,0.8127120010272362,0.02404109870852099,0.0377499405446628
QP063,Asym_right,CMA-ES,7,1,0.2386831837521573,0.1357517120622546,0.900135925676554,0.31161781053570076,1.5700845346627663,7.24449506374444,0.7967326952293534,0.03880753796639063,0.03872568916662919
QP063,Asym_right,CMA-ES,7,2,0.1514214691553855,0.26915211041910175,0.7996269034590398,0.274616848910332,1.0688895909611302,3.4524603303729298,0.755283608664517,0.050371660107622104,0.07953147736732533
QP063,Asym_right,CMA-ES,8,1,0.22745901777441374,0.13909145622503122,0.9411920290762982,0.3630264544310151,2.351992194261591,4.686784307184483,0.6413444637472697,0.018337810916402193,0.04958188421199229
QP063,Asym_right,CMA-ES,8,2,0.21303555674038133,0.0666441567156105,0.8520983048805212,0.34547336644482823,1.1851538715819203,6.0884294416646165,0.8896662404509807,0.047325436471067454,0.03511217975268628
QP070,Asym_right,CMA-ES,1,1,0.20753334500680032,0.2904941061358895,0.9450390767387619,0.34469546783201693,1.0095054388219613,2.532141494938309,0.5993426661045622,0.02239988929703137,0.058525090986634845
QP070,Asym_right,CMA-ES,1,2,0.20894342730985438,0.34040620101709357,0.9563876017439144,0.3568225223120569,1.1349840561787194,5.712052828972379,0.6309222203077292,0.06454095859023762,0.06221341993343656
QP070,Asym_right,CMA-ES,2,1,0.18392177235677343,0.046716837060950395,0.669260150484797,0.12767622373736714,1.5940222356833866,2.2580575838792423,0.5008707445626841,0.03121289205656429,0.057074454648958425
QP070,Asym_right,CMA-ES,2,2,0.20578652922047647,0.2565032495452584,0.9703916141717346,0.5020230501864166,2.54774823925077,4.735052653811548,0.788470581663534,0.03435476105046922,0.05086859439118718
QP070,Asym_right,CMA-ES,3,1,0.17806751449754143,0.04806695830002699,0.9938848041953527,0.16511251389785195,1.8812646884470472,5.109076229363651,0.5477342315273315,0.04305945609379633,0.027953551756231425
QP070,Asym_right,CMA-ES,3,2,0.19414336371092017,0.05904327038325599,0.807149766331929,0.1998645622954764,2.549526654589898,8.728266868193305,0.613726546690269,0.027378745047797082,0.04198511410494625
QP070,Asym_right,CMA-ES,4,1,0.1944209603126792,0.03377421763279191,0.8237068252967733,0.4084215686944732,0.4583352705359013,4.648699156861761,0.6976734604365091,0.0394669307617322,0.059753469688749575
QP070,Asym_right,CMA-ES,4,2,0.16739424547408133,0.1475073181453364,0.7666109996037728,0.15247663485811308,2.57555173147734,1.8638973701386143,0.5086230402319949,0.030669438474418626,0.05379511848216139
QP070,Asym_right,CMA-ES,5,1,0.23050708167257145,0.01552127477407167,0.9441716887533853,0.21690201245441668,2.8697833595053726,7.325318473686864,0.6997413995391205,0.037191831320313506,0.03470554081401964
QP070,Asym_right,CMA-ES,5,2,0.23618635895841067,0.07809408338604748,0.9308661452313359,0.26471860625098204,0.4801995314552,4.520060193070626,0.6175035817285573,0.026508513540530056,0.03031729398499248
QP070,Asym_right,CMA-ES,6,1,0.25990661268120663,0.04819604220894978,0.978992575829311,0.1971539440576529,2.1691680622289913,0.9111158130640942,0.6865686376803709,0.04115680110810534,0.04529854640783593
QP070,Asym_right,CMA-ES,6,2,0.17042644294067583,0.1115329973211634,0.9765993748418167,0.08370865325362353,1.6810991871682832,7.529874130943353,0.4365304310565136,0.032305912550300096,0.060113877217205666
QP070,Asym_right,CMA-ES,7,1,0.17525228640835017,0.08007538393965244,0.9115552121969187,0.45574576467509775,1.010752764952902,2.383026900615498,0.7097901768220548,0.022886114616714838,0.057242899763794486
QP070,Asym_right,CMA-ES,7,2,0.20009485961905665,0.02993053230239301,0.9929626182595525,0.49721021010787536,2.141115883599775,5.390254604881602,0.7690123637685295,0.04690589457303319,0.019929434406764084
QP070,Asym_right,CMA-ES,8,1,0.20185710952831004,0.1561301850995347,0.7663898125628529,0.26203727776086166,0.2493459143875793,5.134791844301586,0.3969996660216947,0.026393256101085165,0.06833648723730601
QP070,Asym_right,CMA-ES,8,2,0.17206572765665706,0.10004933349707627,0.816048631211624,0.25497004354157315,0.12121238487059155,6.757736090783666,0.38112433364613074,0.041669377967888305,0.04333102841664746
QP071,Asym_right,CMA-ES,1,1,0.1736750868492125,0.24706083947434096,0.855386349916029,0.3322668612185335,0.7503122333509612,3.2000226573580663,0.6448110164748349,0.022589679311187674,0.031171910744373213
QP071,Asym_right,CMA-ES,1,2,0.25619008993607084,0.2598809666373292,0.9894870168579301,0.318530343167462,1.0807653907413852,7.02829373476492,0.6691494141658633,0.02570184471457828,0.01885009539166304
QP071,Asym_right,CMA-ES,2,1,0.22643538548522524,0.010681958779092976,0.8558127577164732,0.2649322188513981,1.559437489177197,4.346317104932084,0.9190062321765974,0.020691212168677607,0.016878901811653392
QP071,Asym_right,CMA-ES,2,2,0.14392412225235018,0.023328623608400878,0.957821822876695,0.36564825463202,1.3589643961562066,2.4632654066009785,0.718199655756632,0.02109074318742336,0.027184068429586806
QP071,Asym_right,CMA-ES,3,1,0.20225251669328698,0.04507619281016284,0.9310270678289854,0.3356036280763,1.1101157813445346,4.004125551630415,0.8575766944627686,0.012205018737722263,0.02311482981095124
QP071,Asym_right,CMA-ES,3,2,0.21702476839794027,0.05972201759172885,0.8645088479138435,0.4105664338308735,0.9325339262072339,2.6819504500831877,0.8171069264265312,0.025676979526844466,0.02509900605544005
QP071,Asym_right,CMA-ES,4,1,0.17964039774584944,0.07413605983493021,0.8675029100472282,0.33705960735214824,1.4001715969037136,1.584362564111284,0.8502217590395711,0.026354565285084584,0.016375880417278364
QP071,Asym_right,CMA-ES,4,2,0.18266994258566094,0.07402442067647447,0.9964904745895153,0.1908421468302522,2.097886933443967,7.970798419453897,0.6810642049418133,0.015173524123827017,0.022915250436071143
QP071,Asym_right,CMA-ES,5,1,0.18516536859580435,0.13638313002241223,0.9409126333220998,0.3370337869247855,0.8597589910599288,2.850149470985378,0.7764106025610851,0.009946844695648004,0.020932205222694455
QP071,Asym_right,CMA-ES,5,2,0.2396816287113107,0.01799025330533356,0.9733672616725882,0.24961124003902588,1.359273868497155,5.14112232457684,0.7537409985347967,0.01783481608978458,0.008273907107999853
QP071,Asym_right,CMA-ES,6,1,0.18119144485036415,0.14758076723499464,0.797581614437431,0.25358610636251494,2.597409848051838,1.6883778941988208,0.8607965746726247,0.044425146641312564,0.029160716037541147
QP071,Asym_right,CMA-ES,6,2,0.16712257335021014,0.16226136399628635,0.8474488685401368,0.1655569556115241,1.226566536034509,4.738172475473155,0.5397321959914814,0.025348346630368317,0.049506940945191646
QP071,Asym_right,CMA-ES,7,1,0.19153783646388522,0.12507611796757306,0.9035822580025499,0.5899062875667174,1.3572021684916225,9.552869293440027,0.8859269601933917,0.014727037662563953,0.01832083742799297
QP071,Asym_right,CMA-ES,7,2,0.21632832647317685,0.18620659977224258,0.8967321553940176,0.34944198660899084,1.0934099270946487,3.2502780654093644,0.7640964522612668,0.022659370773132854,0.017487464452846838
QP071,Asym_right,CMA-ES,8,1,0.1939691627597055,0.007402366385618933,0.9035246093956074,0.2051101899728879,1.4033937277872406,3.5323400755307603,0.6637989055716949,0.013357021781713021,0.02031782362667591
QP071,Asym_right,CMA-ES,8,2,0.1941413651197456,0.3311098635768702,0.9743318401828059,0.4049911698055392,0.9751244355865699,3.5924782690668158,0.6573855929467538,0.01891776010905128,0.013299976051753336
QP0100,Asym_right,TPE,1,1,0.1847184734822065,0.0348419538956662,0.927049385877143,0.08395915920686871,0.8290953352176593,9.37390041259299,0.7905198489313351,0.0332108189960946,0.10135250614659512
QP0100,Asym_right,TPE,1,2,0.40297160763590995,0.3294378889663853,0.9495476826182585,0.41289985566221366,0.3189880784416509,5.75819916230431,0.5464658367055826,0.025321430953323412,0.06500589094003349
QP0100,Asym_right,TPE,2,1,0.30339531907806166,0.262256033235692,0.9888379092953365,0.553107983292268,0.6026820937297916,7.787236866140968,0.6521206417533182,0.04162844054144969,0.031059587100375263
QP0100,Asym_right,TPE,2,2,0.3124863150580731,0.11917998306013129,0.9299736555637317,0.1477639497469891,1.0950750493797197,1.353109063504653,0.6808167678919308,0.02089236814060156,0.03906027047340355
QP0100,Asym_right,TPE,3,1,0.30726019756753553,0.06471372844439854,0.8148140632895902,0.3796221124910513,0.9019369221995224,4.854908931694907,0.7122739149211489,0.019588518913457215,0.05596957594961524
QP0100,Asym_right,TPE,3,2,0.3685828050322885,0.25778558431093235,0.41037843402044005,0.3489356217449298,0.10675711562535081,4.237173565103527,0.5901944060963448,0.029813172816431553,0.07181182034779507
QP0100,Asym_right,TPE,4,1,0.4147266394215183,0.22264969393318484,0.8327333912019292,0.6266777397218346,1.091499928500078,9.559967307907042,0.8399686704797413,0.02458964265544973,0.04016875204559946
QP0100,Asym_right,TPE,4,2,0.26267124899351707,0.01854379702939224,0.9605459767688858,0.38179803881414026,1.9148456570973567,7.411334350443662,0.8440721144930567,0.041264806361994685,0.04260116690074262
QP0100,Asym_right,TPE,5,1,0.3805389306869984,0.022016601430241273,0.9969907123650796,0.3338781860595723,0.4237921444194057,9.52073288577175,0.7563909166863916,0.029046159569951945,0.04862905982836394
QP0100,Asym_right,TPE,5,2,0.30848399500386375,0.20684267713290683,0.7814827977488188,0.5073318015870217,1.5209490961475012,7.310973770965748,0.739137691909807,0.037353293964835305,0.05942730030403433
QP0100,Asym_right,TPE,6,1,0.3595603195951057,0.11516317802672246,0.9541267193503877,0.29491942807710697,1.5431025913683605,3.8073032583543602,0.7291749519075272,0.03197555959851549,0.03823950003954215
QP0100,Asym_right,TPE,6,2,0.2807488722433674,0.09589240916787548,0.656313387806261,0.34055218221038897,2.719542352872489,3.227165144092531,0.7947802945275744,0.03892825582822422,0.08695395006938895
QP0100,Asym_right,TPE,7,1,0.391080452474979,0.11355432219461886,0.635893927561897,0.269837746060275,0.30304756390216486,5.294216160950416,0.6198106689007523,0.029617679563650433,0.09956840886034984
QP0100,Asym_right,TPE,7,2,0.28663495709783343,0.27094971611963614,0.9535348199999247,0.2592010826631223,1.5663798231994006,8.763098945564725,0.6363060514633856,0.02960811478043575,0.07335329588610479
QP0100,Asym_right,TPE,8,1,0.40033260820462724,0.007283334525716325,0.9217536999112317,0.15238690580352193,1.0350596418297413,1.686969096607744,0.6483839532893665,0.02950988482137195,0.050251687331533526
QP0100,Asym_right,TPE,8,2,0.30962254423611296,0.37283580747145445,0.8984812294603925,0.6122027363120642,1.504580603987005,8.93428623482507,0.709695462848047,0.03554166661138679,0.046008806206923825
QP0101,Asym_right,TPE,1,1,0.2864812996783729,0.008724386671914885,0.7736677112146126,0.34600337603802933,1.5124918114784704,3.854127951044485,0.82802762282835,0.09510151745426407,0.09750705030739082
QP0101,Asym_right,TPE,1,2,0.23264170374564683,0.11343191152164381,0.8515365517906783,0.1647773756923592,1.6614650847019885,0.7765599485453334,0.4510227195000294,0.07023641863928334,0.0883473088732929
QP0101,Asym_right,TPE,2,1,0.2205121219793127,0.01805649990047169,0.7226956264327026,0.17082525753838398,1.8789490218681277,3.7590318579233797,0.661578839071075,0.10421156377406421,0.07856102464801279
QP0101,Asym_right,TPE,2,2,0.2590801217311932,0.013582933016701148,0.9701739804279905,0.6444390050599039,0.7281099467198384,4.819912326009832,0.7657046563646348,0.06683802822130996,0.12557245797396174
QP0101,Asym_right,TPE,3,1,0.2128489426838831,0.045532605114295736,0.8294383587345365,0.38905079600084436,0.08765256465586482,4.716906463207366,0.5719308086333185,0.14191242690912034,0.07270023507647755
QP0101,Asym_right,TPE,3,2,0.20060643948830542,0.10161191105189085,0.9682970078024049,0.3913909912297031,2.240927399279526,0.44708988741889755,0.5099333721791565,0.06130242180334872,0.14935478085901865
QP0101,Asym_right,TPE,4,1,0.06862363511499395,0.14863366265819156,0.6819299168584824,0.010770133301397977,0.2293619050123532,0.3448460618861592,0.12098714929321143,0.05620920064653276,0.08416837391052759
QP0101,Asym_right,TPE,4,2,0.23967918991036663,0.059292082405599265,0.8557505259637708,0.3511684023731134,0.6987704696948108,0.8239554424588345,0.5713961474506671,0.08314453953478484,0.08986818971383277
QP0101,Asym_right,TPE,5,1,0.29158833579209104,0.06481115119201156,0.973279354704676,0.31772975441242085,0.1612176767170799,4.679898849804029,0.2778122281504417,0.07227123314341596,0.09408792695768153
QP0101,Asym_right,TPE,5,2,0.2463955549865352,0.0012248892617232054,0.8855950662608613,0.29814436057445115,0.6413273857204203,8.875803226596302,0.6300480666474465,0.09917223287265824,0.08730683879494186
QP0101,Asym_right,TPE,6,1,0.1901804280146498,0.0652929743199979,0.553988795527715,0.684444301763762,0.02186730822372494,2.4899762023000376,0.5118538237071661,0.05275951923613029,0.08171955962090018
QP0101,Asym_right,TPE,6,2,0.277543097370531,0.0014375154128380002,0.9895836971577149,0.43651716746241565,2.796796402757007,7.999255908635691,0.6808471073774082,0.09921371124658296,0.09055822147560233
QP0101,Asym_right,TPE,7,1,0.19852378707908092,0.02292191361573455,0.9952865282091059,0.693694235218289,0.0907726303466751,6.560076411843693,0.5323827279558248,0.06881088344725038,0.08699032269514029
QP0101,Asym_right,TPE,7,2,0.23323737664087268,0.001133219118073233,0.9776292966803933,0.6393886744856475,0.7090341967974508,8.828518331774504,0.704718679039485,0.07160539216865007,0.10375091614224241
QP0101,Asym_right,TPE,8,1,0.20616266737496694,0.026928942553187306,0.9593989374800157,0.6982253252393952,1.3208885195591649,1.3460805797594957,0.8179109872048815,0.09569248548724801,0.09367384670976572
QP0101,Asym_right,TPE,8,2,0.21184265937735625,0.03808865505381606,0.9767929643565156,0.04657858537681332,0.0849385050491811,2.844189649129059,0.18220883029038087,0.057813247091569264,0.07387133135307858
QP0103,Asym_right,TPE,1,1,0.22066801106572728,0.03923613289988876,0.7261622052925218,0.1901371478358035,2.114548023920151,1.7715536093607347,0.7254227770817808,0.025482223255010865,0.07733812718998238
QP0103,Asym_right,TPE,1,2,0.24069438654172376,0.06805659745839883,0.9019804198456429,0.3930306847101408,0.5038535154597601,5.9522498066497,0.7691741955936344,0.04939566315802356,0.058547040813832205
QP0103,Asym_right,TPE,2,1,0.2439043978838925,0.16208048522236926,0.9708512940185304,0.18030484082093218,0.8223166654483904,2.627413370833097,0.4539142081902035,0.08681950275459296,0.043399785046276826
QP0103,Asym_right,TPE,2,2,0.17560978224181956,0.00013694651103157707,0.7155150131258176,0.44196786498992735,0.025144611581467302,7.370838973947302,0.9889503929935359,0.036663174782900126,0.14340595565083478
QP0103,Asym_right,TPE,3,1,0.2713071520680551,0.06938647184966679,0.9556696955230899,0.36365663543308563,0.6965857649356357,5.755255951459832,0.7322460537771333,0.040618897049596245,0.04672291446475539
QP0103,Asym_right,TPE,3,2,0.2616979365510891,0.08661240499062027,0.9932225523679623,0.1926020771730605,1.140337886085911,0.3586325193023601,0.5670610615124904,0.027930610125902373,0.051481990424350824
QP0103,Asym_right,TPE,4,1,0.2451523319256473,0.06916287160733198,0.7862763704158899,0.4762519607892541,0.7742379338435192,0.3709521182006056,0.9001036951671764,0.04546401148167646,0.05814371974776177
QP0103,Asym_right,TPE,4,2,0.20766141707677652,0.1604582555198028,0.9597548824074293,0.32757247041536836,2.3289129493464165,7.891026164702173,0.6720532333493197,0.039241824639561884,0.08583997461830212
QP0103,Asym_right,TPE,5,1,0.23136391551548138,0.0037828199760140515,0.787938603774855,0.30425615897291697,2.6491557435974573,0.41507711998213026,0.5530811455170219,0.029656418873605622,0.07298013034989558
QP0103,Asym_right,TPE,5,2,0.20480926897863583,0.0019943460877162554,0.9677940974816118,0.13737458022596205,2.8061233419260043,7.903102734166532,0.6653854647746248,0.04473325721687926,0.04222548645407952
QP0103,Asym_right,TPE,6,1,0.18608095096132105,0.041853324986674975,0.9706930224753713,0.23031454937985782,2.8048828742845986,2.891668936942364,0.6374088575454105,0.025193040928380473,0.08196868082823773
QP0103,Asym_right,TPE,6,2,0.2275857599478859,0.13992159254152658,0.774857739228316,0.6336654554170543,0.33237834816091905,5.127005591785315,0.9308978530215842,0.07148573421044237,0.04385148666579864
QP0103,Asym_right,TPE,7,1,0.2823410286830827,0.03153279906048924,0.9825680079768385,0.316308935985712,1.4456218331783952,1.6146682985122982,0.9648291851221614,0.022472888964909843,0.05741734476571678
QP0103,Asym_right,TPE,7,2,0.2545136835145172,0.026958676591693737,0.9363437996399198,0.2426621991696428,1.4790881711848707,0.8479928503760619,0.6497295820136889,0.048350495834702904,0.0508869455328544
QP0103,Asym_right,TPE,8,1,0.28467686446473284,0.08350399507131448,0.9264710165690659,0.5361220468292018,0.9367185792847055,8.162722700186146,0.7719442242041654,0.02916587474289793,0.06449009974390019
QP0103,Asym_right,TPE,8,2,0.2517575498711507,0.060335220212480875,0.9738050299452988,0.3945052848373047,2.8169564013687474,1.4270184035475952,0.7606866493503177,0.03316946746763784,0.028069824193022484
QP0121,Asym_right,TPE,1,1,0.2960851598690781,0.10911387148718638,0.7949019392204492,0.2519197953771137,1.6393973836707756,1.8326581298565372,0.41151768349060414,0.28344817300634334,0.35054822863144663
QP0121,Asym_right,TPE,1,2,0.27113374241141364,0.09160612146336364,0.882928877809898,0.6097203338082712,0.25432223869512827,2.122692785312951,0.8270877096477998,0.16443461700271422,0.7131179555688594
QP0121,Asym_right,TPE,2,1,0.21381060993949003,0.30318135830034254,0.4389038217756393,0.5356992698370215,1.8468254470985686,1.2387830598364529,0.777077298569193,0.2371388957414045,0.28826191131631285
QP0121,Asym_right,TPE,2,2,0.3256659072814248,0.08900460387702436,0.9002956906214489,0.5723029982730423,0.6227607973025744,6.632927694318969,0.7167955616630834,0.19153317789602403,0.4734441118819671
QP0121,Asym_right,TPE,3,1,0.10146903051461732,0.1457821858133237,0.18139524589251832,0.17472687395436043,2.606036837380005,5.279909070607618,0.6323845247954185,0.32279710900610414,0.4867959257284521
QP0121,Asym_right,TPE,3,2,0.1888389645198475,0.0665956312440255,0.7709465015449548,0.10455685591518483,0.7520276288332517,4.706784543561832,0.8655157357393117,0.12943104934710123,0.40035485212944777
QP0121,Asym_right,TPE,4,1,0.3157002801607327,0.12085127489101333,0.6948652076780317,0.15765925255391852,1.7092127840637623,0.03746724198425133,0.9476349868454539,0.2337947063449326,0.27434580999375424
QP0121,Asym_right,TPE,4,2,0.2220173861381255,0.30490254309590353,0.558052148545921,0.3163911670311754,0.30644683881689017,1.472215697446682,0.5919790802361636,0.12987162652603768,0.3951372754185831
QP0121,Asym_right,TPE,5,1,0.058915200029332315,0.05234956814197088,0.21742078228438147,0.10329312399999922,0.4957139645772119,6.6797798364809555,0.7547149862949227,0.49788319372395423,0.3087382241494099
QP0121,Asym_right,TPE,5,2,0.25506533158194233,0.026304908251303077,0.7909956137145618,0.44053200631554923,1.1309592268701656,4.452806889632655,0.8826548477272766,0.11086101344914862,0.9013950112655454
QP0121,Asym_right,TPE,6,1,0.13821432718493387,0.12870180988032953,0.8821823502492968,0.2282412204593532,2.5178482670528854,1.9698542064818707,0.49360555234595677,0.21778659643425213,0.23826873354229441
QP0121,Asym_right,TPE,6,2,0.22081978445245723,0.013512359919120875,0.33095870092751617,0.1705646740225389,1.8485223773620403,4.350723939072271,0.985083219994534,0.1903962014629464,0.38879846435980564
QP0121,Asym_right,TPE,7,1,0.2993062192862276,0.2254809990627544,0.9701940624951237,0.6262357420901095,2.0667658411286265,5.358107683823353,0.8030049433948172,0.48066341320365236,0.36379701816131466
QP0121,Asym_right,TPE,7,2,0.10031636833495414,0.08209011498346816,0.3613358705234883,0.09110156706524375,1.4888876401441857,6.195187739111797,0.9689546489520525,0.19091269833028993,0.7640690027727026
QP0121,Asym_right,TPE,8,1,0.19004799998050098,0.08326426680506797,0.9766615353509398,0.3162729697322789,2.688405460489255,5.614724150835797,0.542383640298761,0.3204760157808426,0.2177696768290523
QP0121,Asym_right,TPE,8,2,0.21063665886717275,8.442076512000466e-05,0.8387488126259933,0.11432487724857877,0.39570154405887237,8.110951999746689,0.6503679471786169,0.07900159522443773,0.4792394455619952
QP062,Asym_right,TPE,1,1,0.31129668249025066,0.19799282372566265,0.9584619118717975,0.6484771991107695,1.9209148837644898,6.715362955419332,0.8266111057722917,0.015472303886536639,0.020538512429975248
QP062,Asym_right,TPE,1,2,0.2882348378105728,0.2381723456956068,0.9923297293257998,0.2978864834042537,0.2598588769934263,8.462026878402215,0.5703473075718731,0.01154534117512136,0.015242347981486477
QP062,Asym_right,TPE,2,1,0.2692413282059247,0.01368431362400687,0.8242450292502023,0.3772571276172712,0.9373204031222646,0.46153021679850526,0.7672010396327665,0.011128331194865494,0.029077710101823695
QP062,Asym_right,TPE,2,2,0.22303318904821218,0.004943634147638536,0.9955855836792796,0.31184872605626085,1.398444359375245,6.655998663133625,0.8636515332836283,0.016148057511915663,0.016358680022513998
QP062,Asym_right,TPE,3,1,0.29652762506630737,0.12827995757703586,0.8824494466859227,0.40379425457401086,0.31011572912103097,3.395168316057812,0.7547433816093978,0.013737383771105402,0.022652358351555994
QP062,Asym_right,TPE,3,2,0.20471996098119993,0.03824748200798796,0.9614261119275678,0.24295668577105628,0.40644486936118907,0.7372947430375685,0.6002297123404885,0.011141805964873146,0.031019636561618574
QP062,Asym_right,TPE,4,1,0.24990156450453108,0.16538586968254457,0.9620437716934152,0.4141784168819532,1.7465392913758748,1.0547662078883466,0.7568152215991625,0.00844678094336257,0.012527581770330795
QP062,Asym_right,TPE,4,2,0.24181877718573747,0.1998251949329825,0.9980128175886162,0.36731558795979835,2.7000674369638893,8.911327626014646,0.6906436774524716,0.012163636249028508,0.014370201529025559
QP062,Asym_right,TPE,5,1,0.271904908723339,0.24118289672480614,0.9454227978824652,0.28886588541153835,1.6558374789999872,2.1007662560328244,0.578815718343472,0.022593601432990513,0.009244828968656414
QP062,Asym_right,TPE,5,2,0.22557964905572414,0.0802967517487537,0.9021359728202261,0.6239316691413604,0.3982614556102243,0.2780932541763234,0.65498293413109,0.008283165968967854,0.022833058310580183
QP062,Asym_right,TPE,6,1,0.24243538559561323,0.17301846306785465,0.8447313291408605,0.3389287948754102,2.4631279053607926,4.654293550503437,0.7262205630696064,0.01439503022727878,0.024022620830704496
QP062,Asym_right,TPE,6,2,0.2418292343861574,0.04334149895756895,0.994334534734812,0.32432734720692263,1.276319397511351,6.153608386740219,0.850047660748988,0.017014321120996857,0.020243038250787288
QP062,Asym_right,TPE,7,1,0.29043842966703737,0.18466750253364123,0.9446642988663491,0.6623111946190028,2.978043082006208,6.847118501626912,0.8432347295645898,0.01676397815046212,0.01458682326018874
QP062,Asym_right,TPE,7,2,0.24505110201210623,0.014724913197624534,0.9493449214566245,0.43086749330052176,0.9407716650156812,6.618893726616076,0.9551258826676539,0.008384521898515766,0.024755456917589846
QP062,Asym_right,TPE,8,1,0.28482694156489985,0.18073691527237748,0.9076720793646965,0.2967783391491214,0.1404814169399977,8.227020118240212,0.4835129526580872,0.016808245153205757,0.019384817206636765
QP062,Asym_right,TPE,8,2,0.22683407062045582,0.08677334407670742,0.7214050771495465,0.11147499674537742,0.12065952140207206,5.404216222816988,0.3944710336202031,0.013750223889196968,0.02753947226196329
QP063,Asym_right,TPE,1,1,0.13901529305248062,0.3209408125075182,0.8042949876235899,0.1252677874817732,2.403891082231014,7.185899364645971,0.5278300879773488,0.055943818324671366,0.03755192677567373
QP063,Asym_right,TPE,1,2,0.19555778442035388,0.17992036518001442,0.8807055233489174,0.6631610329515496,1.0057244687136846,4.826331676614307,0.9022974172046596,0.02585864295065671,0.03988814336212716
QP063,Asym_right,TPE,2,1,0.2385104059868692,0.0004832253280510346,0.9126838928327071,0.5937198685753506,2.2020800368147757,4.925825755987278,0.8650200079184017,0.03157719435499516,0.025808545584928236
QP063,Asym_right,TPE,2,2,0.2219085507452653,0.021838535737103953,0.9696060389322221,0.2956340705769056,0.47150196393916843,5.8809834382962185,0.6803163949576243,0.01856969624205758,0.03112372032358772
QP063,Asym_right,TPE,3,1,0.2321455277299608,0.013438904911398479,0.9739594568929435,0.558978479596484,0.020545450503084872,7.940184253611076,0.6819615413016964,0.015975062391642352,0.020818028748489967
QP063,Asym_right,TPE,3,2,0.2584103546319906,0.008959191535281845,0.8756729254374106,0.5553394206109761,1.3126731111583834,5.04700017894066,0.8951032699972896,0.020483475319825528,0.025566175111354367
QP063,Asym_right,TPE,4,1,0.14873831334222112,0.07204073110870132,0.8192534808917206,0.43928572668179966,1.5010784694412174,0.06769526151052752,0.43145010840668113,0.019968626188210048,0.027002882776448772
QP063,Asym_right,TPE,4,2,0.1670161261895356,0.22511132048188895,0.5464804548413996,0.11535374443232893,0.5691229228716903,4.138793145916476,0.49595098348843325,0.061087827394263855,0.040705049674860064
QP063,Asym_right,TPE,5,1,0.2535434594123862,0.032114021086014105,0.9650465579596885,0.43077738341860217,0.8519368569882324,5.506994925987599,0.819886364178815,0.02030307729578367,0.03138787999768282
QP063,Asym_right,TPE,5,2,0.24423807770221115,0.02531942269886182,0.8699372022108754,0.5992824551957987,0.11141854739328816,5.162329099263624,0.5083686975000641,0.025865120777147435,0.033538705919104225
QP063,Asym_right,TPE,6,1,0.27478532990664334,0.06062725798055561,0.9701316974678755,0.30881141934998757,1.3493225647508986,1.3112721696725926,0.6756975174328923,0.02282601847068,0.03147017937164306
QP063,Asym_right,TPE,6,2,0.18638459936542745,0.2225280207704605,0.826614622031346,0.07390595905195804,0.19123615438348932,1.7220052507404284,0.37716794373713325,0.02905087169535732,0.041193408784344396
QP063,Asym_right,TPE,7,1,0.21786701707585937,0.006625620189150617,0.8713041623804463,0.4111122143084727,2.6635988005948903,3.03996641651167,0.8651930732103544,0.032264753934911135,0.02828193591534893
QP063,Asym_right,TPE,7,2,0.24042320828569008,0.08561266128109024,0.8578532792238603,0.3007813226821745,0.3386221462291695,5.572649161854691,0.7135980490481177,0.03748206231382854,0.0451698743964851
QP063,Asym_right,TPE,8,1,0.2248170108044525,0.01423653045453289,0.9488987584569503,0.3226756676654772,0.40987455682611895,6.90908700445073,0.6553878674591883,0.013264001917526524,0.03447547247593048
QP063,Asym_right,TPE,8,2,0.1984359658519022,0.0006905399242198573,0.9911127480300493,0.09295861202696772,0.17405190702972112,6.697160331015272,0.31616263549451595,0.03906126635954942,0.021298925279588012
QP070,Asym_right,TPE,1,1,0.11590733326975913,0.005348210577279966,0.9491752379179584,0.2363068128198731,0.40837095803168666,0.3227407081657834,0.17021205374203288,0.018205299818712883,0.03639637241404117
QP070,Asym_right,TPE,1,2,0.18560371122419186,0.011576975797501063,0.8711544242111525,0.148204232604208,0.571876381560068,6.045814888901324,0.4647004813783645,0.04384274174281699,0.05798378283212735
QP070,Asym_right,TPE,2,1,0.1734017201763508,0.018201016482144373,0.9996131874243465,0.443572614972564,0.16415996216387296,5.876232822406539,0.28683529843967126,0.0229780885866591,0.042982598220232315
QP070,Asym_right,TPE,2,2,0.23629972369269053,0.03175293769163237,0.982363444469282,0.1760225636517156,1.0013966469376698,6.7733006979805825,0.6032360527470051,0.022877029314777197,0.028393144820316678
QP070,Asym_right,TPE,3,1,0.22320411706803106,0.1238922583185744,0.9359342140655256,0.42593262042859364,2.6866817611090275,1.5721273730725787,0.6340692766429692,0.04032293040474529,0.030199397493636558
QP070,Asym_right,TPE,3,2,0.17236729799823758,0.05941359557587227,0.9320026293568002,0.6528596300201908,0.16497335314782768,0.9613923849885448,0.37944341776786666,0.025564323880109742,0.025579430371462673
QP070,Asym_right,TPE,4,1,0.20536999172480197,0.024758163458100127,0.8881727399946299,0.2810246032764451,0.38124940275814134,3.4317128362398606,0.5547219288969608,0.033993517839092824,0.06005067343111695
QP070,Asym_right,TPE,4,2,0.1271275487482771,0.043993680367004434,0.8013681803093745,0.11548662147835745,0.35133871570747643,3.96975182008878,0.3495437755137377,0.029350497986532508,0.06792000927250551
QP070,Asym_right,TPE,5,1,0.13912877018795605,0.07079057820405654,0.9518751855792862,0.2687649365694357,1.2994684488749688,8.420679013913961,0.5922993624803597,0.04010163197894176,0.045297251344910965
QP070,Asym_right,TPE,5,2,0.19385932486667054,0.018316677439488397,0.8246000293090717,0.4205350467621074,2.024688104075432,0.7400543988884417,0.7302827613326341,0.02521103969816541,0.029831726662901806
QP070,Asym_right,TPE,6,1,0.22379276958986846,0.042376312652092255,0.9823859027388508,0.14641901317991846,1.7767223301294002,8.004696218102886,0.5830066455893191,0.027746769240147948,0.030807632697998282
QP070,Asym_right,TPE,6,2,0.18977458322661117,0.23161984422295645,0.9362295522372657,0.3050213073177751,2.9554693619290777,0.9016070638458122,0.4985497007757281,0.018852886423005057,0.044343330391308236
QP070,Asym_right,TPE,7,1,0.2022551905038925,0.09390055326065747,0.8845274365615735,0.34728582783142703,1.1478838307592505,8.215094061047042,0.673295627894513,0.022162700628526842,0.05578369624533945
QP070,Asym_right,TPE,7,2,0.19148675917252098,0.055574261840759705,0.9760177346066524,0.3329891219810683,2.2725553078899248,4.0387425443079445,0.678653714449343,0.04756214987162731,0.019502996836097526
QP070,Asym_right,TPE,8,1,0.21161355027743975,0.08676242639797915,0.977555122043362,0.2519457542061634,0.18976582213526205,9.733900464662652,0.30041550630080505,0.020083682695230323,0.044284604131188135
QP070,Asym_right,TPE,8,2,0.16987085843660613,0.026130192307048862,0.9170777534766111,0.28349971511004624,0.15569588151425967,0.4104487038648908,0.3684410893204273,0.03139368549845001,0.04760965752862431
QP071,Asym_right,TPE,1,1,0.20913803711582812,0.05705174302862187,0.9545682825993523,0.29971840200167277,0.8591715236229727,1.0434323177572784,0.7326453947033801,0.011039272235593226,0.014436084474626366
QP071,Asym_right,TPE,1,2,0.23402613406651226,0.024059943782906205,0.9959395176022238,0.45723070564751567,0.2401166989999953,6.752371682961131,0.7112314103098442,0.0192914591955746,0.013139501269043046
QP071,Asym_right,TPE,2,1,0.19418172344998946,0.11973649064715802,0.9971998160016328,0.3561175003425048,1.4631388168184376,8.27947144968199,0.7451843779224896,0.012360781576915824,0.007814232960924625
QP071,Asym_right,TPE,2,2,0.20685773087910583,0.24430778951370102,0.9687191561057737,0.6900056064214801,0.5086594407917333,2.021399856137318,0.8525106205745309,0.012810912694742192,0.02096522654604322
QP071,Asym_right,TPE,3,1,0.17099154358017657,0.021217164005801394,0.9259928830383163,0.4338676677605579,1.869733668245083,0.39814164881783665,0.9048898973926276,0.010982635139943464,0.024182245270411254
QP071,Asym_right,TPE,3,2,0.20586792422245195,0.0846695272425783,0.9537726961815256,0.3455450902759668,0.37171388752384354,9.457914047873665,0.6292083786930837,0.02122507529706628,0.022598981925244607
QP071,Asym_right,TPE,4,1,0.22078221886593818,0.0356075373117615,0.9970127543473914,0.4747613273244692,1.9097568481717935,5.197531230742508,0.845884276676534,0.01290300009973561,0.012499764669643953
QP071,Asym_right,TPE,4,2,0.17097551257444601,0.01829725173680075,0.9639285034524457,0.42082983238778554,0.2757736562269077,8.224448569695422,0.8471777248066824,0.00849395147411256,0.021894308860410834
QP071,Asym_right,TPE,5,1,0.21952822210541365,0.045690742149132546,0.9602685977799018,0.3422520468188761,1.36255623119128,1.9208198089224506,0.7746174772217844,0.006457759966785133,0.014297221573789442
QP071,Asym_right,TPE,5,2,0.21646707815449998,0.08694791675481887,0.9564016297559014,0.39184886874788183,0.2244709283389263,9.492967009448408,0.6607775352985769,0.017877450235830157,0.008420560123594222
QP071,Asym_right,TPE,6,1,0.21648830883046535,0.01825070139489265,0.9715545010037935,0.5747110134241336,0.3633766801486109,4.294067800540369,0.941313841746882,0.01733510662762017,0.011439128081468148
QP071,Asym_right,TPE,6,2,0.19703241520936016,0.013938113765614504,0.9496723833447929,0.26566001063624545,1.949716975049762,5.30820416435302,0.7809958059394162,0.009168524018273653,0.025486053615010183
QP071,Asym_right,TPE,7,1,0.23277573686640524,0.00010313937634882746,0.9630876372493533,0.293838276049114,2.616794193884259,4.964988370601242,0.8270696464669776,0.00805368842480513,0.016017944299974017
QP071,Asym_right,TPE,7,2,0.19876479757786059,0.02136290567320295,0.9606395699150875,0.46435872407181084,2.443444134034995,0.9951404556126674,0.865875154906566,0.011382442254098585,0.007114616047613812
QP071,Asym_right,TPE,8,1,0.1525011169463978,0.021960201738011373,0.958075851958104,0.33840886018496663,1.323167034924027,1.152920622022822,0.7706304741654512,0.010578157634823919,0.01662074824105681
QP071,Asym_right,TPE,8,2,0.19637403140153198,0.03720626190248115,0.9976487378217064,0.3080939570205666,0.4598215619340166,2.173092264679047,0.6609457488248012,0.012685803219237127,0.0072042690493999886
QP0100,Asym_left,CMA-ES,1,1,0.29975712281193295,0.07092575111594501,0.8034319753233546,0.5390437957637632,0.15964719939883582,1.6822732541576504,0.45476078220921357,0.04526607850850477,0.05858584981124465
QP0100,Asym_left,CMA-ES,1,2,0.2902441861700028,0.026205177561894166,0.6326304416518335,0.6813214409954412,2.615202749273338,1.9777178930477393,0.9756906406134069,0.03551865678932089,0.06927884204946176
QP0100,Asym_left,CMA-ES,2,1,0.3087781536650269,0.08618864681944918,0.6481796235712975,0.5212284572218991,1.693407931227321,5.768967268759071,0.9381731976865095,0.044110518206101124,0.033903688560434374
QP0100,Asym_left,CMA-ES,2,2,0.2914576860367284,0.26939158001963603,0.7715832648432807,0.20832067082498804,2.111741434275722,7.227929812865507,0.5822013668587839,0.03412088162855796,0.0897816068351935
QP0100,Asym_left,CMA-ES,3,1,0.32431228601182055,0.28989214960789356,0.7790344882081568,0.5386950454750666,0.36964067639993936,2.5123669420549497,0.8157985448564835,0.042256693847259705,0.062193696512060054
QP0100,Asym_left,CMA-ES,3,2,0.3014788358205944,0.22914128871335523,0.7081758953465324,0.35157483100981174,1.6056185611327132,5.724672074764586,0.6785524947720405,0.040690877829400916,0.04037459654912389
QP0100,Asym_left,CMA-ES,4,1,0.39564401939285526,0.1256520938239642,0.8974693012651928,0.28517882581291354,1.339510097381414,5.814705591684216,0.5851150817634602,0.026210317920005666,0.06050365384447348
QP0100,Asym_left,CMA-ES,4,2,0.21457531339822344,0.011453160287340808,0.7106250081265476,0.35889965243595257,0.8780438062591026,4.45681097716123,0.6539807465538899,0.04222398599029297,0.059041028096050094
QP0100,Asym_left,CMA-ES,5,1,0.22285219231521342,0.04049257673454755,0.41423943800807084,0.09759590185786211,0.3539999494003805,3.6912971921736712,0.426231757430961,0.04952883984167846,0.057690910936181075
QP0100,Asym_left,CMA-ES,5,2,0.2914233670176348,0.0892936538180174,0.7739554922443562,0.36936974820905494,0.31808762048362477,1.26475918847962,0.574660651032141,0.021545260971642336,0.09344356724886177
QP0100,Asym_left,CMA-ES,6,1,0.29383261517515047,0.1839639818479758,0.8956289156741127,0.20486669028675628,0.44017652162682114,1.3938036876189277,0.6376636365859737,0.03687226721703293,0.07204235507379164
QP0100,Asym_left,CMA-ES,6,2,0.30584625919146236,0.12224536083908431,0.4807094260951273,0.2240248297743509,1.520098857809421,3.0069554985271982,0.5336131610198859,0.04709507928257621,0.1381397146024193
QP0100,Asym_left,CMA-ES,7,1,0.33523473112434765,0.1891042402369339,0.6548700505290357,0.16508482132019958,1.252217678941755,6.6144053025658955,0.7468153877774691,0.0819189271483978,0.06480639007343389
QP0100,Asym_left,CMA-ES,7,2,0.28512914542365686,0.270496965928343,0.7435722448656206,0.37164281971598406,2.7395587096583056,5.389922482172101,0.7350706049553025,0.04698530130787267,0.10722597727029833
QP0100,Asym_left,CMA-ES,8,1,0.2913611052942091,0.30761383545224585,0.5777432338899304,0.23157953426350622,2.1218268164951697,6.61138520243266,0.5572884380337613,0.03721219164809631,0.06406790991873168
QP0100,Asym_left,CMA-ES,8,2,0.2365791110579038,0.033721481525133074,0.7598072362884064,0.3903851112397665,1.2971854457131462,7.607950308238366,0.7814103677461005,0.05610654431416467,0.06739741969477113
QP0101,Asym_left,CMA-ES,1,1,0.15433779474870213,0.0731848778118474,0.4380088079926485,0.1929958894373377,1.2500345026908448,0.1948709920225115,0.2824587230543779,0.05610369737350469,0.07593052622661536
QP0101,Asym_left,CMA-ES,1,2,0.24405389955595752,0.04275902778584462,0.7197540526841355,0.21071205308274346,0.18526387829296473,3.1238308619370305,0.37183847409144644,0.09571898708667245,0.06820057575475316
QP0101,Asym_left,CMA-ES,2,1,0.2320647936945101,0.26935414056969414,0.8989359873531156,0.26935824198009556,0.9765014548446568,1.089572358062962,0.4687689927772781,0.09885655492928568,0.07561935269119041
QP0101,Asym_left,CMA-ES,2,2,0.25899743168286377,0.14796825286011997,0.9628194801962299,0.2970059130836397,1.1879036317163902,5.6480922195614705,0.5317221561088474,0.07259806198767221,0.08960168453310419
QP0101,Asym_left,CMA-ES,3,1,0.18910103376864712,0.07125134839417191,0.7684444289997593,0.355327372109207,0.7637942825229783,9.793471213781837,0.6991473792400441,0.07763569712849096,0.13770076943376633
QP0101,Asym_left,CMA-ES,3,2,0.08534897985714932,0.38101128803704454,0.7266074402310576,0.36318281236492883,0.024150800436985892,1.855501440499969,0.04655486995403979,0.09094213776312558,0.10551972934390949
QP0101,Asym_left,CMA-ES,4,1,0.23792648066066302,0.060718620592262414,0.9338333097315602,0.20294058398966952,2.051591606380277,4.47123902219579,0.5233872528176854,0.07052722234419856,0.0624853445606456
QP0101,Asym_left,CMA-ES,4,2,0.19925823438242718,0.0449217871921636,0.6670716237522074,0.5391233560050189,0.10618003895307104,5.481464709713927,0.545211694718089,0.06915778205405441,0.07572586541839538
QP0101,Asym_left,CMA-ES,5,1,0.16768221355659702,0.3250161423946967,0.4788089799137471,0.17290880189715416,0.41633346866017945,0.3466773075226809,0.23892873759229405,0.0751621611338264,0.07953254251204311
QP0101,Asym_left,CMA-ES,5,2,0.17921678044982514,0.0791774346083864,0.900866369446936,0.21838523027986864,2.176607211479272,4.966092906564553,0.5465171401721358,0.08988071593690125,0.09318410810003605
QP0101,Asym_left,CMA-ES,6,1,0.2498269188321754,0.07503493675222539,0.9235475216112758,0.4911186430938941,0.5163624389765412,6.561771969948666,0.6205986307209114,0.06948001462345244,0.09529357615009589
QP0101,Asym_left,CMA-ES,6,2,0.23482304134403387,0.14932900918986314,0.9875706310504592,0.24901722562855702,2.671541528425152,8.625812279862624,0.5822323697132762,0.08258655380942714,0.08735513485995008
QP0101,Asym_left,CMA-ES,7,1,0.27891134986924754,0.09566310382014223,0.8881119641403772,0.25346353033649166,0.9262601455804559,5.892648588657823,0.6234963441733228,0.10684802109347342,0.06940051224817481
QP0101,Asym_left,CMA-ES,7,2,0.2607780424494446,0.12105115626013875,0.941792040569086,0.146511252783276,2.331350339970536,5.443941937461589,0.49174674520825906,0.059288277609517714,0.09711913288285637
QP0101,Asym_left,CMA-ES,8,1,0.27951255987972506,0.11223050859062442,0.8486421200324455,0.3195352166798624,1.7469624390168026,2.86346254455993,0.7012070129230666,0.07940337425424625,0.11129485370580502
QP0101,Asym_left,CMA-ES,8,2,0.22585253483818307,0.17849719514565315,0.8115704948884972,0.6376328237631567,0.14403967802520742,6.1727034830937715,0.4770386137504872,0.08808432516403114,0.05651204609887647
QP0103,Asym_left,CMA-ES,1,1,0.23859202031986454,0.28926196072666827,0.9751981440595954,0.46778296333305713,1.2504005883544687,7.5753049145267966,0.5413132242304199,0.0514444926925534,0.10040318949708353
QP0103,Asym_left,CMA-ES,1,2,0.28639984300492893,0.17924814298551384,0.7694947067259462,0.21360650464739078,0.9825774161106892,5.94804604941262,0.8604661118249098,0.0904725419842464,0.11087611975072123
QP0103,Asym_left,CMA-ES,2,1,0.26939899506099735,0.1471433638565186,0.7030922884138411,0.2939893401348758,2.160104085694682,6.373855656730571,0.5864686165986832,0.03923460641642611,0.10705312445638634
QP0103,Asym_left,CMA-ES,2,2,0.23579167434954107,0.2420338500598881,0.9347168876606915,0.6125782306857457,1.6580884651628438,2.9617606306526376,0.7120617680597626,0.0780346448435413,0.048858872724072286
QP0103,Asym_left,CMA-ES,3,1,0.2572624891267742,0.09763616716178422,0.9643832401347856,0.4525781469643912,1.9058096744540414,4.326571103994479,0.6880268093164538,0.026635894602554278,0.0990762552372193
QP0103,Asym_left,CMA-ES,3,2,0.19068666384781852,0.15057253388275427,0.5798509387734251,0.10810153467712817,0.6158790045646415,2.2612837421549705,0.43793519307786066,0.0819978709027269,0.06358749791892851
QP0103,Asym_left,CMA-ES,4,1,0.19797839906378445,0.11106117507314169,0.44512491358727707,0.16372077163921164,0.9752900366925705,5.114921255739887,0.6616861683153857,0.12104699999228155,0.0788511974894503
QP0103,Asym_left,CMA-ES,4,2,0.22456606440654642,0.08741194134846206,0.8135907056521771,0.3611918346600782,1.1222998788949623,3.8747552930666345,0.7390068556252344,0.062125898583338175,0.12803813466288366
QP0103,Asym_left,CMA-ES,5,1,0.278354372562078,0.1634744228179711,0.8290591995412575,0.354431305153771,1.9905178624214153,5.00502035782242,0.606065372586136,0.04518033154092843,0.06698782022983203
QP0103,Asym_left,CMA-ES,5,2,0.22431216134002457,0.31647495246892565,0.8004869255519436,0.374740043215648,1.190541378222445,3.487442223739654,0.5596799411810777,0.06601535866315072,0.06924344595051049
QP0103,Asym_left,CMA-ES,6,1,0.27129409857828657,0.023153254926683464,0.8745992350302562,0.44630784815265423,1.311504109640551,2.908433028441304,0.6640328228756613,0.04615286136796925,0.06768435973943183
QP0103,Asym_left,CMA-ES,6,2,0.2757853566169862,0.1969619298829975,0.9101176312603143,0.3442977887627924,0.8610493729891593,5.423993942055698,0.6664445542198937,0.04203743309540174,0.06567556939266242
QP0103,Asym_left,CMA-ES,7,1,0.30378011057506626,0.23836841724756924,0.8471896703901284,0.5623185119266378,1.256950911835478,6.169380565345252,0.7667616205863408,0.10525886598299934,0.03297493312030693
QP0103,Asym_left,CMA-ES,7,2,0.26337595951918363,0.08098828816358014,0.7212867437656191,0.5484545434861525,1.5155967507318004,5.605346334171551,0.8274238277698722,0.03620451486558594,0.14658910167196768
QP0103,Asym_left,CMA-ES,8,1,0.13352404451432182,0.026571586407313247,0.5244013522851851,0.10068471137975171,1.8660296544957253,4.412642397972574,0.5414981788042925,0.08530605681990237,0.09384059225676644
QP0103,Asym_left,CMA-ES,8,2,0.23806761828509354,0.1794095123806235,0.5688700448604388,0.14621492202954423,0.7215695000146005,5.3331648206902775,0.47587925319853686,0.04812168079304699,0.08311461374513889
QP0121,Asym_left,CMA-ES,1,1,0.25542595070174307,0.13184778247299275,0.40667031462295306,0.2327073208601598,0.8906158656415063,6.4425597422524525,0.5956122033896908,0.05240356579273244,0.08395674080123153
QP0121,Asym_left,CMA-ES,1,2,0.18892563775198018,0.1485498467607812,0.7558373491758172,0.32211640856859947,1.163408701476098,5.545620124674461,0.7261831311636896,0.06686048713488738,0.10704824202515274
QP0121,Asym_left,CMA-ES,2,1,0.206951450955777,0.17097516575915617,0.8566513971365233,0.2868671919192123,2.5890341614567247,6.920594042221653,0.6054302108820677,0.05542643716253687,0.14924990496665
QP0121,Asym_left,CMA-ES,2,2,0.2523370071990587,0.035817463451204526,0.6811408355499603,0.29393404130531486,0.42298198234091383,5.219755274608617,0.6626917819881466,0.03855398778413684,0.10853057715681466
QP0121,Asym_left,CMA-ES,3,1,0.2239272287769648,0.09685257108929846,0.8209160031398581,0.36040560698816876,2.8528155519632157,7.53686049828291,0.644219154792063,0.07224212464540525,0.10682242810569995
QP0121,Asym_left,CMA-ES,3,2,0.26384871934278925,0.2151335597890801,0.7517887940120966,0.33086667315547796,1.4305792225466267,8.16423709740285,0.6709894339765237,0.06911704025987131,0.07241526968590734
QP0121,Asym_left,CMA-ES,4,1,0.21952083076862838,0.36274874170690447,0.5512053976630827,0.5008183690718854,1.1574506211907674,7.207025706127465,0.8500727869465075,0.0586869224353079,0.15529575656746872
QP0121,Asym_left,CMA-ES,4,2,0.18859075497643146,0.02600869178158835,0.9347117391623779,0.40230847166941724,0.7345224798384037,0.5189716423824942,0.5956238097369346,0.04808361940157935,0.13161019797336304
QP0121,Asym_left,CMA-ES,5,1,0.18617469830009398,0.11532277920856676,0.6965764481559575,0.22493032819449846,0.2903441084963522,3.1787963875649754,0.45409745600967466,0.04176012478621404,0.13805431528895856
QP0121,Asym_left,CMA-ES,5,2,0.26700520797791977,0.06834851032812264,0.738771211508529,0.4635720066013813,1.148004766377909,4.831694769937242,0.7479992082218806,0.08577686760438691,0.06543301477556379
QP0121,Asym_left,CMA-ES,6,1,0.2109213754415838,0.15860582276329405,0.6080998222066643,0.3267905240363176,2.19951420374879,4.983968521631372,0.6456652351738766,0.08040553708918736,0.08819082510228683
QP0121,Asym_left,CMA-ES,6,2,0.1244886708869462,0.08792023289782874,0.37447691013800416,0.06582613116269648,0.47581967820825943,0.6959169634550939,0.20957284262118436,0.07644686849935524,0.09687037167596786
QP0121,Asym_left,CMA-ES,7,1,0.17488720562528187,0.21557653209321556,0.6799712456540395,0.29994297119366603,2.105226187856131,5.546288463055251,0.6032416827655648,0.07280806467719236,0.07593198138765797
QP0121,Asym_left,CMA-ES,7,2,0.2297364247195562,0.13559527038631713,0.37055856461476405,0.19411068253019031,2.233186841428109,2.4639069621634135,0.5377758503269032,0.05414644402784588,0.08447632815029901
QP0121,Asym_left,CMA-ES,8,1,0.0652584574242464,0.47435326380790815,0.40957127250522296,0.5005758157308189,0.09605768166021594,4.519141226540448,0.15626495128935303,0.09834872965751015,0.10416136979973936
QP0121,Asym_left,CMA-ES,8,2,0.2160041793004825,0.22551956957635222,0.9641028698799979,0.40421786167335827,1.3523138694799115,2.5119800255138984,0.5263036629823381,0.0627451072392789,0.20969647957420276
QP062,Asym_left,CMA-ES,1,1,0.23169504530257962,0.171600320326818,0.8974996496701718,0.12252601875020552,1.4924073714184685,6.423118197168504,0.7497584029224548,0.023572111079266905,0.024585887235200832
QP062,Asym_left,CMA-ES,1,2,0.2145454776767231,0.23214226314002168,0.8312035911769342,0.5838401966590262,1.2995218377534072,4.735393911630859,0.9108319681731255,0.02242499940149329,0.03156411025095405
QP062,Asym_left,CMA-ES,2,1,0.22337642234677868,0.15981292885980294,0.8384223164951279,0.3098356990417897,1.44339926847597,4.123986150102888,0.7378280894011401,0.029262061639714548,0.024485103124166102
QP062,Asym_left,CMA-ES,2,2,0.22468189891227508,0.07338601425010575,0.8066529108803616,0.1319323584883031,0.4373347029903938,7.308571370759649,0.8731531896618963,0.021293459825089366,0.03473760768887843
QP062,Asym_left,CMA-ES,3,1,0.24608421357332072,0.19237553407565214,0.9751669895466996,0.3575282141621831,2.063093809410531,3.0745830048136034,0.731286013826107,0.015058244497850024,0.022516771270963052
QP062,Asym_left,CMA-ES,3,2,0.24923712039405305,0.23897666662033631,0.8509533940368743,0.20841661307379883,1.6000609725355965,7.547846111342131,0.6721098229763406,0.027108299084058686,0.02887586636636589
QP062,Asym_left,CMA-ES,4,1,0.24524379491030396,0.26295571951459895,0.9721427865711864,0.3077927193139459,2.2077187853743143,4.596767130332483,0.69706700584552,0.014406581893228703,0.016230968599114503
QP062,Asym_left,CMA-ES,4,2,0.25988028660865264,0.2421592745749958,0.911937385394482,0.6260539023062028,0.8213459955648764,2.5848849359320822,0.9061481409775121,0.02078917185672665,0.022090361927356833
QP062,Asym_left,CMA-ES,5,1,0.2182911414559564,0.14341594583264825,0.8777339906435829,0.5045766459208729,0.9608864322442152,4.024216673208759,0.9352105145645616,0.013784937320689385,0.03647225529518181
QP062,Asym_left,CMA-ES,5,2,0.2259623783116123,0.06364318078581312,0.8087405567030671,0.3500735599108894,1.5163224001048925,3.6909331431376775,0.8255890748864845,0.030671575085543114,0.01954159450911328
QP062,Asym_left,CMA-ES,6,1,0.1862147520380636,0.3347973904284449,0.9373428325373196,0.20240379043825338,0.11987490059006028,0.9901908777295632,0.27718214611974124,0.022055887852662263,0.02097975357527898
QP062,Asym_left,CMA-ES,6,2,0.23161032528096037,0.20087925652693694,0.9477535414521205,0.27862808332204153,1.2472518541537907,3.791036970774806,0.7495283134660464,0.019605630929936467,0.022550722473988732
QP062,Asym_left,CMA-ES,7,1,0.2634687090068472,0.3149164888831458,0.9972406814535042,0.347849900503667,0.7488560308913602,1.9667722803919876,0.7858802448746447,0.019570002734177482,0.03665021131917688
QP062,Asym_left,CMA-ES,7,2,0.17290756674236335,0.25640700876087263,0.7423761430499173,0.1671105615033536,2.0239055449850185,0.11786708489801798,0.46110388951246895,0.018778569723346104,0.023408343525178753
QP062,Asym_left,CMA-ES,8,1,0.22047974614371446,0.13280829925435614,0.8496393319963417,0.5258808920711325,0.23506186161415493,4.7457292783563965,0.8412847489104838,0.02114637789646888,0.028902185775324617
QP062,Asym_left,CMA-ES,8,2,0.18926818052152028,0.05271149723654166,0.7591399165795139,0.26582859438643636,1.7006520966020284,1.4752697695726515,0.8206441984503754,0.02432595233295103,0.031111592477013568
QP063,Asym_left,CMA-ES,1,1,0.1951498180388614,0.08653011681684514,0.5594086736977945,0.46159146678067936,1.9664295192152912,0.031491808023497235,0.551331636591498,0.024418991508516237,0.04033711476337105
QP063,Asym_left,CMA-ES,1,2,0.25994682994754936,0.06361801606640313,0.8716262374926336,0.2825575114906335,1.3799811312159609,3.850811579668143,0.6157235022871285,0.020078731166885754,0.03033448031948998
QP063,Asym_left,CMA-ES,2,1,0.15150889231875722,0.026446990051854413,0.6537147661737985,0.28281902854172425,0.12452481795862223,6.434708094499009,0.3604400944424523,0.019373505467885285,0.03522329311909736
QP063,Asym_left,CMA-ES,2,2,0.2671606048141639,0.004928114785237442,0.782451223632854,0.33481429349855607,1.2216800693122796,1.1550533837696098,0.6913669616033024,0.0161907014618732,0.024838246465277783
QP063,Asym_left,CMA-ES,3,1,0.25333980188944716,0.2893005476153707,0.9598287975987506,0.6897497577584012,1.0414853543880132,3.202534032843132,0.7028487400718609,0.01966017907035037,0.032329743359100535
QP063,Asym_left,CMA-ES,3,2,0.2390285629936731,0.12217372351915615,0.9722222283254931,0.4106022137646122,0.6023548311561207,0.21708005532528984,0.4305853007845404,0.018539466598729855,0.03136476680947615
QP063,Asym_left,CMA-ES,4,1,0.22713137169894976,0.24625065891650572,0.8126355287156299,0.21335878750016923,1.9283812143877603,1.5946329634563443,0.6547432306552938,0.041390173735540756,0.043134514380262015
QP063,Asym_left,CMA-ES,4,2,0.24356349039087694,0.13821092675734692,0.9066258390244536,0.342715572979255,1.9458843168653317,6.696900830465957,0.6303948545200807,0.01519759661204761,0.054925890721677195
QP063,Asym_left,CMA-ES,5,1,0.2629704985716817,0.03152519650297011,0.8692754229189448,0.19670362464728172,1.6916968479876782,5.441192221279242,0.6488441845578286,0.028595318792664165,0.02663744892109122
QP063,Asym_left,CMA-ES,5,2,0.18839548425122488,0.13405308975366856,0.8202167654740355,0.2729198430312263,0.9081133176660879,1.9543749153709682,0.5974780880795895,0.024217462769973608,0.03674778493654437
QP063,Asym_left,CMA-ES,6,1,0.2811964753813447,0.24141664213219519,0.8933553382170198,0.40967766829052205,1.6664770496094514,3.8341870260500692,0.6479406249916535,0.01538070990756521,0.022194135180929837
QP063,Asym_left,CMA-ES,6,2,0.27622839004120914,0.12414114140394483,0.9940423108319739,0.39177147883851604,1.846845649466138,5.356834479558043,0.7135503525028846,0.026408071278578863,0.014284853322326572
QP063,Asym_left,CMA-ES,7,1,0.2341456387132806,0.17612916290501116,0.9558394358676724,0.5589817747962048,2.1757437872574203,5.750188255684058,0.6511310998111526,0.033482533713276225,0.029388947118207494
QP063,Asym_left,CMA-ES,7,2,0.21596224696020067,0.16095933237219118,0.9363276514925611,0.2745258795698031,2.847235517248696,7.280118548379903,0.608934701541315,0.022826709266076273,0.037816158175293796
QP063,Asym_left,CMA-ES,8,1,0.19869322304583958,0.15186521058686925,0.6552614407644133,0.49454499038011396,1.3150844150671568,5.835623359949881,0.831451094582522,0.03125577012095354,0.03617560360381404
QP063,Asym_left,CMA-ES,8,2,0.2545894435420341,0.004863700036823904,0.8304791413681608,0.39847846790499347,1.050211379620643,7.140689922075703,0.8310815630233198,0.010698340788114673,0.0395080108734008
QP070,Asym_left,CMA-ES,1,1,0.12441165507085207,0.05982942333548329,0.895231160579019,0.6456837143836068,0.28728682891337576,7.664936725661835,0.6531881149938548,0.08169736525817799,0.15759046721207715
QP070,Asym_left,CMA-ES,1,2,0.26570049474429375,0.24623725212339717,0.7820620860700359,0.40138152134680377,1.5378079942658316,3.6171261227430693,0.8485699513601112,0.12883397862289975,0.12631349264429137
QP070,Asym_left,CMA-ES,2,1,0.20310556800573165,0.18904183830379506,0.6321472123944436,0.17894430924459712,0.40940226610564984,2.8256370466940037,0.5012839378482826,0.09002024549104617,0.1248501483015893
QP070,Asym_left,CMA-ES,2,2,0.1983251154863857,0.2464601411343163,0.7393574825575848,0.5231992492315104,0.4919532419481061,3.582229352560858,0.8120070951422725,0.11436685427297785,0.13988180183295038
QP070,Asym_left,CMA-ES,3,1,0.23392175482864092,0.17810394728185147,0.8395639083154125,0.3659657244564597,1.0730985058959979,2.6626475472853848,0.7400294315261917,0.10262660324324135,0.12307041162979264
QP070,Asym_left,CMA-ES,3,2,0.19693189765093816,0.3702210159280489,0.7916896764270175,0.2733143033134034,1.8475050005628513,3.006135870700797,0.5744339224199795,0.10207277747062886,0.1139533179107135
QP070,Asym_left,CMA-ES,4,1,0.10964952544806404,0.07441872021665873,0.6255554027763333,0.0904674513178542,1.5358158343336743,1.2668354684345935,0.37148208477207123,0.08760831305892883,0.10082195147547307
QP070,Asym_left,CMA-ES,4,2,0.20512545776008384,0.17229479104390272,0.8831648276085127,0.18859133690037427,2.3286009087346025,2.7503488372454235,0.7071456515904792,0.10050767499349628,0.10662644755771118
QP070,Asym_left,CMA-ES,5,1,0.18853392431139204,0.15987176393101307,0.7234624595042779,0.2159209466621704,1.3542659178447343,5.021211825002754,0.7689296054707677,0.10231654261724601,0.10396455338667318
QP070,Asym_left,CMA-ES,5,2,0.0826065965645229,0.04093434772312765,0.4866770392996622,0.6719448056425434,0.17140151075556131,9.733690406159841,0.07403482618666357,0.0813573077299479,0.12075099931577332
QP070,Asym_left,CMA-ES,6,1,0.21840983229342398,0.3136643981037504,0.9937485480779472,0.2410438694658559,1.3838890466391005,1.632339458322921,0.4454000522815558,0.08065284061503848,0.16020879122556095
QP070,Asym_left,CMA-ES,6,2,0.2165116976107661,0.30167445739696636,0.6863015738854767,0.38084194595246895,0.11521355244361052,4.988353269901678,0.5991661590707035,0.10511366190229092,0.13635794608163204
QP070,Asym_left,CMA-ES,7,1,0.22861200532894665,0.20047946747359743,0.9187220965123966,0.1745670147635173,1.8416142698188644,4.523997056637441,0.7067860061169944,0.08220616143221962,0.1193794541159901
QP070,Asym_left,CMA-ES,7,2,0.19686866678972342,0.2676830986760225,0.618655801050859,0.2585099524587452,1.686093392120796,5.979527504752584,0.6961249000832311,0.10776692013974987,0.11967190240180862
QP070,Asym_left,CMA-ES,8,1,0.22087964401640986,0.22746193810271942,0.7263031910320666,0.3490637886523314,1.862825048745518,6.321809747759632,0.7504774328883024,0.11869836211457518,0.08845754204324091
QP070,Asym_left,CMA-ES,8,2,0.1367548940423285,0.0897693693178639,0.6415565765253901,0.5048823107443462,1.5228490309385097,2.865121837280282,0.7609533009347555,0.07470441110270469,0.12455426934793129
QP071,Asym_left,CMA-ES,1,1,0.2505879417750501,0.10015416009175401,0.9804884265381454,0.489103552612351,0.5549606921630376,5.619325177512628,0.8536323939168028,0.008495315445360922,0.039211557053294606
QP071,Asym_left,CMA-ES,1,2,0.24479102519382873,0.09159283877953951,0.8556179264684673,0.5838293217201711,1.0562417266034099,5.882256807993815,0.7614836250562776,0.02611406915549297,0.027774155208966488
QP071,Asym_left,CMA-ES,2,1,0.20628275652911804,0.08052164838065883,0.6503598129453086,0.15249670953869077,1.9419045398387242,7.6270209610881645,0.5908335955053006,0.026627712455602772,0.026052570308928442
QP071,Asym_left,CMA-ES,2,2,0.17446565747151083,0.07491409691849948,0.8073068889558388,0.12772245867126159,1.1377861359986934,2.920597237193505,0.6373915550099508,0.02510175141397542,0.04625814196823956
QP071,Asym_left,CMA-ES,3,1,0.2562973966295023,0.3994318730120573,0.9427771785050331,0.48777970268018517,1.5997083181432,4.940447008187666,0.7596592796850878,0.01307603860159732,0.039783900686240596
QP071,Asym_left,CMA-ES,3,2,0.22499883945634408,0.2553697421007245,0.8543691704113198,0.3396527385108089,1.9580630288297562,5.880957837502221,0.5814374062854671,0.020425653338044542,0.02984184067480308
QP071,Asym_left,CMA-ES,4,1,0.22718414198300668,0.14054645389124215,0.8583606038357529,0.3766850118449277,1.780265567741562,3.1156646854185386,0.7187078326262996,0.025344236861993205,0.01785651044934075
QP071,Asym_left,CMA-ES,4,2,0.2636907851953172,0.10668979336398521,0.9760020489673843,0.49738345654094657,0.7402923805917541,5.975344929714087,0.8212356188400025,0.01600183295366253,0.022978605250922865
QP071,Asym_left,CMA-ES,5,1,0.22913857446224944,0.2123328237035024,0.7419094333738706,0.3538496007163644,1.6837674455395442,6.345318423579787,0.7482899550721595,0.034867358501560496,0.029502789830309697
QP071,Asym_left,CMA-ES,5,2,0.26207796501023556,0.059619355054745804,0.9893524662941118,0.3409786872587373,2.3476387481964833,1.120614117205262,0.7481922421136692,0.008461317739988986,0.025668960547290946
QP071,Asym_left,CMA-ES,6,1,0.26627238465801456,0.23021203256093206,0.9601695039707787,0.27587835054720045,2.0443496038631728,3.7265956912430735,0.6090530522796925,0.016799410218043036,0.011588693763311878
QP071,Asym_left,CMA-ES,6,2,0.23192008932092706,0.32624975221342833,0.942770517995142,0.3312341756899934,0.7388891951636264,0.5587918501126015,0.5052596363150046,0.011472058615045844,0.017450200216815447
QP071,Asym_left,CMA-ES,7,1,0.32502169361717953,0.12133344060691502,0.9993469160476355,0.2953923913777573,1.7365237442810595,3.654487212578521,0.700479265502178,0.021246121707752686,0.013675295891114481
QP071,Asym_left,CMA-ES,7,2,0.21737655102790499,0.18948898163543237,0.6987652689014832,0.23138284084356314,2.2182982933975928,3.8664563535952445,0.6767412100290836,0.02125521898388694,0.04132757121365711
QP071,Asym_left,CMA-ES,8,1,0.24822752524673192,0.11032680338296114,0.9731605843727336,0.2551471723589314,1.5820391181098878,3.543156162549322,0.754124269271016,0.01339637901593196,0.03843638055290896
QP071,Asym_left,CMA-ES,8,2,0.2563209522570346,0.24065944400633904,0.9535779491116787,0.3355795140122894,1.9994923749679434,9.608655503190102,0.55423748785027,0.020680283255565805,0.04130361248734419
QP0100,Asym_left,TPE,1,1,0.2523478338282019,0.0006703916386216202,0.7938437578079819,0.41719579735219836,2.745676552001191,6.194288644015596,0.6939196162698187,0.050905949202823916,0.054008863080185
QP0100,Asym_left,TPE,1,2,0.3491321501470426,0.1223993200589823,0.8441735798330806,0.4469210131854998,0.36284864833839947,2.826772296981774,0.6123276999427726,0.03328135848945375,0.06371779169910118
QP0100,Asym_left,TPE,2,1,0.27479258051925104,0.37277181495787176,0.7230602740307341,0.5020520652472678,0.11887886560141472,0.16250057461493528,0.3219207021204453,0.03533735743115871,0.04093950055136486
QP0100,Asym_left,TPE,2,2,0.30941492247424496,0.02061602790895536,0.8475338925117817,0.4272408761031323,1.2484367527684344,0.7225180881953416,0.7855623888327806,0.024602819916373288,0.05701991841769923
QP0100,Asym_left,TPE,3,1,0.29018738381852593,0.22984508331229608,0.7273707977167253,0.4883118503246409,1.5285829614964772,7.005648083309459,0.7819676971698274,0.03405755686963069,0.0572774649705913
QP0100,Asym_left,TPE,3,2,0.29803721082041695,0.05525687900556036,0.878318944043686,0.143169871220424,0.9971507529061383,4.718859731030689,0.5710464873234451,0.03296394579911857,0.05478718872208956
QP0100,Asym_left,TPE,4,1,0.3708034447151487,0.025464394495926603,0.7005660895520716,0.5134622267591928,2.978154146853346,4.497099630481441,0.9097265022385966,0.02068695126376386,0.051212269519491156
QP0100,Asym_left,TPE,4,2,0.30754092469383726,0.2761855956962739,0.8954292515137885,0.6931362772744488,1.8341170952639851,4.156629171873195,0.732643153973109,0.0428156671791789,0.03151314019163305
QP0100,Asym_left,TPE,5,1,0.30714211862236446,0.06548360271776475,0.8357039293737124,0.12087274442361033,0.2847628432652885,4.282107790506403,0.843796939277781,0.03664429413507307,0.05351597122998429
QP0100,Asym_left,TPE,5,2,0.2596209408696756,0.015790120080070108,0.8952553844533787,0.2737549179904508,2.7240089447525127,8.358005048792151,0.5185292764621242,0.024082779939121612,0.11562875146159317
QP0100,Asym_left,TPE,6,1,0.25374048625296375,0.24788457902161917,0.9229511367069861,0.07305869649815264,0.6750495823974092,9.940210375497955,0.6973417262356515,0.02249655270731586,0.06137457880799524
QP0100,Asym_left,TPE,6,2,0.36054266405576213,0.03150878913919804,0.6686785321152561,0.5009406192894309,1.426197409227659,7.970188056602653,0.9621416168196653,0.050278569114874036,0.0921129034433166
QP0100,Asym_left,TPE,7,1,0.42920767929948345,0.1304816706836335,0.9975973161846317,0.531308711866294,2.0409977688647065,5.777790287543453,0.7059810777561418,0.06753342857771516,0.043142965383567766
QP0100,Asym_left,TPE,7,2,0.3116819947179732,0.1384867508302408,0.9983044520211707,0.6040232802747745,0.5606994632590447,2.320245504169522,0.6645711066959082,0.04354437603554713,0.06660777997505479
QP0100,Asym_left,TPE,8,1,0.4122154552125377,0.20079502609879385,0.9917309680850068,0.5529968355399543,1.8271894645332538,1.6215004687634447,0.751689750681958,0.03115550549699846,0.047951444137197013
QP0100,Asym_left,TPE,8,2,0.2904172300047211,0.2324522345690368,0.8605669267864184,0.4257551836127366,1.2985027822183421,1.120377997857491,0.669893276793925,0.050599830497221,0.05385247824285661
QP0101,Asym_left,TPE,1,1,0.19837374894445872,0.0012588504536188531,0.9298849784205087,0.6375273517896376,0.7029832170060313,0.29195507981211866,0.49630167186100854,0.04073871293474436,0.04925404177554128
QP0101,Asym_left,TPE,1,2,0.23132540778396493,0.09343724000311875,0.9993886283176818,0.2523661321103694,2.7478906572895085,1.820709860489466,0.5331443864482946,0.07047187217415926,0.07550654909764462
QP0101,Asym_left,TPE,2,1,0.27279876226535477,0.4843955681092391,0.9786012245607426,0.374377136915412,2.849594832825483,1.723228598434581,0.4956118405587157,0.08709009517969997,0.07258680302363735
QP0101,Asym_left,TPE,2,2,0.1031905521750272,0.3109141734343849,0.9575971749552042,0.31447746256245845,0.7391895907725659,0.11896542629563467,0.2257178868022094,0.05422007073383518,0.08054492130256072
QP0101,Asym_left,TPE,3,1,0.2602062527455168,0.07100742822559056,0.9995965993008235,0.37172925729949924,0.9405653639495386,3.1040040363781918,0.5145803089978233,0.054467355986470456,0.12272110265134877
QP0101,Asym_left,TPE,3,2,0.233873932229073,0.10245679619582693,0.9098951910647829,0.6960821863953836,0.13953842762471638,9.374547346864283,0.5592683205308833,0.09819795115644378,0.059768812640429284
QP0101,Asym_left,TPE,4,1,0.13617519393926694,0.12564569051423857,0.6006219714896358,0.2811341874618353,0.1512564336816438,7.723329275014647,0.08910930917234894,0.06076123543600414,0.07795719277251542
QP0101,Asym_left,TPE,4,2,0.19805804837680432,0.04477255101379058,0.9572042779540498,0.24217280173129452,0.9536564864456749,7.896344467622511,0.473329415427644,0.0713016010263039,0.0949558980941402
QP0101,Asym_left,TPE,5,1,0.2038461000197108,0.0337065301295294,0.7579450164431053,0.2539124448127731,2.717136266576511,6.486192074292777,0.699665034583492,0.09484372553536627,0.10754429100799134
QP0101,Asym_left,TPE,5,2,0.17442381744071503,0.03439462335071729,0.9441730567216856,0.5205225409239498,0.3261763733185328,0.32305693535607205,0.3823160762587057,0.03166202770470991,0.029056613257724642
QP0101,Asym_left,TPE,6,1,0.28021208653814095,0.07960024742771817,0.7819965094490336,0.6038881604287478,0.8017197189103329,2.3839168250151057,0.7301339870798087,0.06834255766619873,0.10776789922414567
QP0101,Asym_left,TPE,6,2,0.15787315563445578,0.05238331892684373,0.4827536006670044,0.5291760724923495,0.017717647971489586,0.0173044704334116,0.6924851620096272,0.05984820411156861,0.06231799070971559
QP0101,Asym_left,TPE,7,1,0.20129389825799993,0.10686978900572053,0.9576789237648945,0.6774536782733284,0.06439663949839076,2.4951246220671344,0.3599868525291959,0.052101286980934136,0.04039843196102541
QP0101,Asym_left,TPE,7,2,0.16582643782158293,0.17045878551217367,0.5604182611342521,0.5123733588792933,0.03617935193209694,6.983792156761554,0.14841014345858122,0.0506509670024682,0.05390415842553227
QP0101,Asym_left,TPE,8,1,0.20950710198083838,0.056662594702726055,0.999870465927779,0.42955707262923776,1.1347097185765926,1.2440220510788444,0.5659297638427355,0.040341533179733643,0.07140033322820427
QP0101,Asym_left,TPE,8,2,0.17400605485949344,0.15644132791822504,0.5096811016978146,0.6911778192509901,0.04115989049793056,2.8673875493430243,0.07562114418850686,0.04429305712726896,0.04122378838234317
QP0103,Asym_left,TPE,1,1,0.24647805847993998,0.182368020562895,0.9414459386832947,0.34596913101041765,2.686192963517395,2.187926202665132,0.5451979239626384,0.042990839860755414,0.0891777470420913
QP0103,Asym_left,TPE,1,2,0.2667926492361069,0.2158127846856096,0.9996688807809232,0.2762903496434257,0.37684279675623517,4.559585190103751,0.5940493856698651,0.07274117417662718,0.08719809130955747
QP0103,Asym_left,TPE,2,1,0.25957300101089864,0.14418116595206087,0.9533094302276857,0.5679914697859871,0.3226483751653577,2.547826408518623,0.6854059253840675,0.03770016786293693,0.08374865890706332
QP0103,Asym_left,TPE,2,2,0.2704824942178556,0.005782960201069417,0.742668396742221,0.6195967660761401,2.7677419123288693,6.19443562300588,0.9462773445673083,0.08806507559735113,0.06949440295331295
QP0103,Asym_left,TPE,3,1,0.2676924481871229,0.06697236745787302,0.96420155995816,0.3646223655966535,1.595345798592186,2.9988761613879293,0.7235216253325454,0.025735786116641297,0.0855553468193189
QP0103,Asym_left,TPE,3,2,0.20056983644063317,0.08273345175858028,0.4630295597045524,0.1571567843318196,1.740471953401129,5.144377026977646,0.5298068814747212,0.09708025592578746,0.05636049589263586
QP0103,Asym_left,TPE,4,1,0.3143198590196472,0.14489806588829282,0.9003620634611459,0.6422747605793,1.2730809269510468,3.9229051913186432,0.8703132999286779,0.10626611203397139,0.0817880253607
QP0103,Asym_left,TPE,4,2,0.24519471904958623,0.10706260388883519,0.7424119997145135,0.6730576685803014,1.203578172309983,8.638564191687212,0.8462921446828433,0.06371685072792997,0.11276052469214073
QP0103,Asym_left,TPE,5,1,0.2956582631849852,0.19805252479373728,0.8529305884251264,0.6974487981757154,2.9234652330329927,3.7736493771256363,0.7215752138436465,0.027431117762891297,0.06682653101442708
QP0103,Asym_left,TPE,5,2,0.2644330811656842,0.06079912128713111,0.9545517017994739,0.1391528310322999,2.8814572298064682,2.9150656770868832,0.48732720357695725,0.06231872778545866,0.07151937387242487
QP0103,Asym_left,TPE,6,1,0.24672637471766254,0.25241915641910867,0.9734370626308184,0.3898426236619955,0.5746144059533812,8.505878177518195,0.5295256194703752,0.04259123763396758,0.08707770543702092
QP0103,Asym_left,TPE,6,2,0.2643046126279165,0.14568992083049442,0.999862098770888,0.18585283181277307,1.5676731373237671,7.814924072483823,0.662903718393481,0.03406235629628847,0.05939856416044505
QP0103,Asym_left,TPE,7,1,0.2947522894701859,0.018367296170603988,0.6707917597738959,0.20718575850079368,1.4487193239647622,5.016123755843205,0.9546551178493952,0.10851891628627203,0.047456755637905544
QP0103,Asym_left,TPE,7,2,0.25758734657152116,0.1958687014665851,0.8645759322600313,0.49394119784382234,0.7227341017100426,4.8633057979533705,0.7347382984397696,0.03826806850887987,0.12655538713897063
QP0103,Asym_left,TPE,8,1,0.25789171103370534,0.06091323083385638,0.9420703920598852,0.28013364622307524,1.3340070453232085,1.8576935612848962,0.640526998446022,0.061235418147268336,0.07183673813557122
QP0103,Asym_left,TPE,8,2,0.24042711842453587,0.07779689936851708,0.8003538415619761,0.6938300332203493,2.5483559443556207,0.797170392383668,0.7599587397246679,0.04107486108189363,0.05527513804142094
QP0121,Asym_left,TPE,1,1,0.27303042199666244,0.05949060679948085,0.5435578863473817,0.22098519446731857,0.28528523528409944,6.0438946641659905,0.3330518997309975,0.04518985051637463,0.11655310117547302
QP0121,Asym_left,TPE,1,2,0.12920246131103652,0.032775616381198205,0.39890870790382593,0.43575328744260605,0.44726102812690005,4.541187672000261,0.875460619467054,0.0722958931752506,0.11696006244591492
QP0121,Asym_left,TPE,2,1,0.2807441450793279,0.06218567895088974,0.9283067108303343,0.18008280208700478,1.7295276092260827,9.712625337821049,0.6949743888337323,0.040266233301972654,0.07958271945015775
QP0121,Asym_left,TPE,2,2,0.23572997274030646,0.004245043988961222,0.7196518917683352,0.5321684592470713,1.3807676988148274,7.851787474145017,0.7736972442650415,0.04654322728460841,0.10895314876542034
QP0121,Asym_left,TPE,3,1,0.2352391298064747,0.15163057086407777,0.8634426881967157,0.4197252878546597,0.597682020177218,8.09158228617944,0.562189999900689,0.07312150374954372,0.07867080109999401
QP0121,Asym_left,TPE,3,2,0.23133217982713206,0.0717052513260632,0.6779451259338101,0.5598856868286084,0.5829968086157808,0.263758617345871,0.5453795159876771,0.06889605520188699,0.07359522448541178
QP0121,Asym_left,TPE,4,1,0.2684034338085699,0.3175377032075564,0.6111853073350373,0.3868488775473672,1.6155614199630794,2.422893975069943,0.8519539473767825,0.06783836729382642,0.12105377026714444
QP0121,Asym_left,TPE,4,2,0.11459083630226316,0.06366093752283374,0.8071496347589115,0.06945874236196076,2.890540223026122,0.7315955310995891,0.3983079124739952,0.047357398249234135,0.14693849730711106
QP0121,Asym_left,TPE,5,1,0.21903491576511003,0.08808485648484655,0.5938044722866205,0.20192782592435043,1.9770954032855954,6.3222004832707555,0.5977509797078143,0.06704193140164934,0.11493157383617407
QP0121,Asym_left,TPE,5,2,0.3072405693783822,0.03734409205185603,0.6164805200284007,0.5705635179431501,1.884924321448067,2.094030792801694,0.8730783911309623,0.08306350985492875,0.0968382977714702
QP0121,Asym_left,TPE,6,1,0.2161347531977839,0.024660752660276546,0.4824674011924314,0.3642000099476217,1.4717313948459907,0.7565528281512801,0.8503781316814243,0.07285760321626875,0.08487780743729953
QP0121,Asym_left,TPE,6,2,0.2227165272835077,0.1594339454047376,0.9917720938987912,0.26220088821379195,0.5552237765892234,3.38358690861316,0.47581654931075684,0.06886746861080542,0.13970552455673335
QP0121,Asym_left,TPE,7,1,0.1727018377938841,0.03628183396468452,0.8217883201823925,0.6794758378058061,0.2995480653563143,8.768614821770065,0.6064549968135923,0.0501828214354673,0.07645550446121593
QP0121,Asym_left,TPE,7,2,0.23574143102065784,0.039384314543316944,0.5244378547232688,0.17289426520080198,1.6045687327568956,7.338144626235687,0.5337262720600042,0.04476603507927529,0.0908012998082852
QP0121,Asym_left,TPE,8,1,0.21329604160224913,0.29337713770405893,0.5822660992206236,0.5870965919088477,0.14444468302204874,9.596044384672249,0.8702171149692871,0.09137618377810884,0.10447977772167821
QP0121,Asym_left,TPE,8,2,0.17867948931964484,0.24786879590338778,0.9212357331014093,0.5052193322011245,1.936763569877044,0.6428100924018485,0.5913629621964459,0.061246831062413895,0.21227814582314214
QP062,Asym_left,TPE,1,1,0.2384741904950683,0.19970820497618025,0.8636115211636739,0.34626824364558895,2.107632724406244,4.580110528176783,0.7791307063978117,0.023285742807354178,0.019262774938776123
QP062,Asym_left,TPE,1,2,0.1676287543798846,0.07588956984085934,0.8752763257877578,0.07507993891944804,1.615008123803233,4.292229347960189,0.6988538083607536,0.023213456469557123,0.03471203971539501
QP062,Asym_left,TPE,2,1,0.21050019922914362,0.10374414755521272,0.8111956781250966,0.5018682292540159,0.44969956951878587,0.43268241489322035,0.6449852231650459,0.0273109612301877,0.020931986845776976
QP062,Asym_left,TPE,2,2,0.20953843581898396,0.1688777828125,0.7779379612342978,0.16025405872406684,2.9649080328229775,3.244187181660454,0.8943210048738666,0.02434797902595575,0.036624178372750026
QP062,Asym_left,TPE,3,1,0.24253656080766572,0.06525772971230855,0.8913640457427051,0.21409643599947545,1.4079768632311218,7.304053642854042,0.9085288133215284,0.01504653717242554,0.023096231180194812
QP062,Asym_left,TPE,3,2,0.21276533620340643,0.270548802067236,0.8697150424687341,0.6469069150323044,1.9925547147862037,6.951490755874756,0.8570554972945243,0.0251605308634762,0.01969763449770278
QP062,Asym_left,TPE,4,1,0.23135914704744864,0.1012805905979019,0.9360731956548145,0.2220395394598627,0.9148169698939038,5.9294249852107574,0.7345977407201996,0.015978613587531283,0.014852803399656452
QP062,Asym_left,TPE,4,2,0.19924876773763706,0.02979546258332639,0.9998618230267077,0.16632361816987404,2.2003958318755603,8.210058070697901,0.7166703774395184,0.015147637180926222,0.015347718338255484
QP062,Asym_left,TPE,5,1,0.2005528013338439,0.042421615646132504,0.794874549069531,0.3999594769622171,0.18156061595088757,1.474966183949404,0.7730400313291524,0.014886300397802567,0.029045184233366057
QP062,Asym_left,TPE,5,2,0.2350970606612301,0.21562558495298076,0.8932932298166276,0.35902779414185293,1.5323265823320003,7.122997448593559,0.7531789631478438,0.025503852079388094,0.013733362240861462
QP062,Asym_left,TPE,6,1,0.284870875389685,0.1057042692096567,0.9994611288089349,0.6437782685732562,1.3153162782217651,5.936082408507663,0.9063372464888526,0.023010865643142323,0.014314271899408499
QP062,Asym_left,TPE,6,2,0.2600879729946354,0.00038300545022633414,0.9995128669337491,0.021177276104199116,2.073829787682495,2.4788052511518677,0.9879068411187355,0.015956839905845913,0.03090335744168053
QP062,Asym_left,TPE,7,1,0.28570857147740847,0.06601543203645083,0.9997759722558532,0.0700364101087442,1.1725243049000615,1.56575488780136,0.6463150097524039,0.009676204065441459,0.02420042777940219
QP062,Asym_left,TPE,7,2,0.22250400637309825,0.029221632822815386,0.8313679468613546,0.5115850882989613,1.7582103981936765,6.227479432600001,0.9525281872086159,0.01964891891838577,0.017800888282601054
QP062,Asym_left,TPE,8,1,0.21073338577587608,0.03479571109071905,0.9996487391915103,0.47413399865545547,1.1647336357158249,0.5250164012472481,0.9411572216404572,0.019344320948878883,0.01780334633170985
QP062,Asym_left,TPE,8,2,0.2405876088492397,0.08902691782765189,0.8985798452616176,0.662843677096518,1.2500682678171877,7.572043836877597,0.9155704032883717,0.022401998405177738,0.02458461862571526
QP063,Asym_left,TPE,1,1,0.27630351447182344,0.3341655441609786,0.9955272081295065,0.6999345692895699,0.8852315998617484,5.8254362724261215,0.7434092025127705,0.022723532326943467,0.012505858592165076
QP063,Asym_left,TPE,1,2,0.2799406835213396,0.015668316098014883,0.88965804298253,0.6267851949938923,0.2044513241238395,1.2378365109138658,0.6490810426146064,0.01716533152577543,0.02472346571239031
QP063,Asym_left,TPE,2,1,0.2399405195989819,0.03406466694474716,0.8108285247782632,0.4028672831625683,1.5961108379202862,3.0873681549485354,0.8570638465253125,0.019272907341442748,0.029933988369317224
QP063,Asym_left,TPE,2,2,0.25465691678277946,0.02672414649278591,0.8907647198339693,0.4693645412056809,2.233983285146552,5.431577239965878,0.7241464573424594,0.01709084343256461,0.019229038311432994
QP063,Asym_left,TPE,3,1,0.23872770398264342,0.13489818674929388,0.9964185709719617,0.565693002777061,2.3305085766579072,4.265891023094997,0.720705551435457,0.017546539021905387,0.027054439256399297
QP063,Asym_left,TPE,3,2,0.25545662024589894,0.010565771088355644,0.866795325743794,0.3140365369705741,2.2874361142236057,6.76341423545059,0.7440949927608532,0.02098593473622655,0.03463447485055776
QP063,Asym_left,TPE,4,1,0.20538374178360286,0.18244544154356362,0.7355025513903934,0.3228316712039172,0.42046836985585617,6.572284623802098,0.6442360656376405,0.038473064089627446,0.034909231422905335
QP063,Asym_left,TPE,4,2,0.22174041181406062,0.01836563811660625,0.6509823950338679,0.10935208959931358,2.422243246694845,1.3698240576383571,0.5437782395913572,0.01694462974061733,0.06823421552336015
QP063,Asym_left,TPE,5,1,0.17927131936397392,0.005591378988811874,0.555198438792168,0.19384225177761746,1.2252278854392105,5.252203509413793,0.6017389061787356,0.030147484831144176,0.0386525139093412
QP063,Asym_left,TPE,5,2,0.22826085029485427,0.30872697179961783,0.6100890606931554,0.26838729346849716,0.2502293994936619,1.472313138098524,0.4662718156892602,0.03673015058837442,0.03813808692426443
QP063,Asym_left,TPE,6,1,0.2559314011633009,0.035414535998647495,0.9996832876105295,0.24131810870721135,2.552191022796755,7.362034418512765,0.693662573411032,0.009644081688057204,0.01969018949667902
QP063,Asym_left,TPE,6,2,0.2813419016196484,0.12423292363370037,0.8360761153668619,0.6297294496851324,0.09792206175131887,9.704843779796843,0.5892838720635044,0.02552256973437375,0.022201780828142878
QP063,Asym_left,TPE,7,1,0.20317905218145454,0.1112516202080922,0.988794008057779,0.17270786516409758,0.2017277020245457,2.7073804146894767,0.26747603156831906,0.024642471164275866,0.015454401912838261
QP063,Asym_left,TPE,7,2,0.25305670644820943,0.016249769366779396,0.9352466684771499,0.2936657880228495,0.25712134817976273,6.099055234611048,0.4289704099438612,0.021688562509312236,0.026762119246811905
QP063,Asym_left,TPE,8,1,0.1829056678397136,0.04419666478916407,0.6766292414593822,0.6730727175982416,2.4888433283058515,0.018319233514981548,0.6453021595011844,0.020969582115893635,0.07059175054365066
QP063,Asym_left,TPE,8,2,0.2781111031810604,0.017011087751067928,0.9995434945651711,0.4351540747386969,0.42255833700091866,4.407677457703373,0.7095605522012578,0.007618489349117756,0.022537069286287556
QP070,Asym_left,TPE,1,1,0.10124310839275591,0.11003259891915962,0.9561607285958265,0.11407850569635447,2.415384695660149,4.820083665264825,0.4574059365277165,0.08120843169684609,0.1699550465415215
QP070,Asym_left,TPE,1,2,0.20821967632158625,0.17084087015342175,0.6120610342763276,0.35785704200729906,0.4109386995174802,2.000702289334357,0.8682663544977858,0.13629360190266038,0.12053838495963154
QP070,Asym_left,TPE,2,1,0.17586479091629187,0.2410880641051949,0.3607894233646278,0.5249187002818047,2.581098249633091,4.220313452404184,0.9316846328723082,0.10380558855679176,0.17451012793818144
QP070,Asym_left,TPE,2,2,0.1727535139978601,0.20144898544595335,0.9983556493069041,0.2594166811035793,2.8144661310617027,1.6179766737137586,0.772209178155196,0.10886473698412283,0.1827206870725382
QP070,Asym_left,TPE,3,1,0.10871857519346069,0.06265845947786569,0.8347572979053111,0.09935326614409438,1.1878015712887935,9.10828132284486,0.47322847213268626,0.09177509073729642,0.14192341396284092
QP070,Asym_left,TPE,3,2,0.19450406941795484,0.22673635557881477,0.6377672944534188,0.24369900458863972,0.4631751248772227,5.023755929069002,0.5123859213681634,0.0990153759977298,0.11815828129300697
QP070,Asym_left,TPE,4,1,0.17695088896255784,0.136019421611285,0.5784797271910341,0.34867985268969204,2.170119245894409,1.1841943307095646,0.8376516225935997,0.0872690037186408,0.15547580672503641
QP070,Asym_left,TPE,4,2,0.20926250875980587,0.15108090550683156,0.9066608776636919,0.16720879036111275,0.37201662362128746,7.843532566776524,0.47412515687012485,0.09013289277516243,0.09701881305790833
QP070,Asym_left,TPE,5,1,0.2605694215971411,0.2634924913932796,0.7926623749755607,0.3488277670937822,0.26543273783365173,1.1996204204968568,0.6407741727608802,0.10721211987375745,0.10671291308470447
QP070,Asym_left,TPE,5,2,0.2646903291343717,0.023732612697913727,0.8934582646723302,0.5577445395674631,1.2511732710413503,3.8435919271130286,0.7774518825138979,0.07661210397981366,0.12561201719661452
QP070,Asym_left,TPE,6,1,0.23487712720407108,0.009433285772964964,0.9997946764894395,0.5979025329655224,0.6984783363084651,0.7199721861239239,0.6428384317879109,0.057569984095646926,0.15756603812308367
QP070,Asym_left,TPE,6,2,0.21943934369171045,0.2937306173622213,0.9997925566830029,0.36134105114670073,1.2711648730952785,7.1358341373164,0.6098742394085181,0.0842956970527034,0.07232139392751008
QP070,Asym_left,TPE,7,1,0.2268672364864525,0.19471622151623305,0.9738237439383243,0.0966362101164718,0.706231837655634,3.646283972681156,0.5319646750616757,0.07299151324278502,0.11758855352142221
QP070,Asym_left,TPE,7,2,0.1757912174783134,0.24168690143666458,0.5446490154578995,0.5437594233990778,0.3302418751039839,2.136363834910221,0.8774059861677106,0.10688983172163942,0.13740249470187882
QP070,Asym_left,TPE,8,1,0.2003837067733791,0.16243453604063748,0.6478600969012281,0.5990849648735148,0.7465081435868492,7.046523821896447,0.9041613297330988,0.10620374089701679,0.08322134657744334
QP070,Asym_left,TPE,8,2,0.13344603949806402,0.00612219511881691,0.7041321447362977,0.45499460782947354,0.2146628651491107,0.021638155097227163,0.6010285486888253,0.027385813049372935,0.03232051768563038
QP071,Asym_left,TPE,1,1,0.2628841485878135,0.021090077478914414,0.8905683141241292,0.4092997325099116,0.21599027561844752,7.821270736912285,0.7702572786955683,0.007877774382549052,0.034740481761949174
QP071,Asym_left,TPE,1,2,0.20826192539468022,0.1728208173172956,0.742450706195762,0.22953816205949268,2.510517406698591,0.16098723775285517,0.5500401007730301,0.028471031891246758,0.01803244312906601
QP071,Asym_left,TPE,2,1,0.23544606947006924,0.15943711241303854,0.99923894840105,0.37553773957027486,1.2195291430779862,0.5292968385488583,0.5925083754078309,0.018407419171118874,0.015378438741353966
QP071,Asym_left,TPE,2,2,0.1910879076455096,0.047876470808666687,0.8404945438552377,0.46444059268153437,0.6252230608897684,3.6540060432154484,0.8542574403133273,0.021748127833999285,0.03839008097023038
QP071,Asym_left,TPE,3,1,0.25485010568834615,0.4509224664711435,0.9901494115189824,0.6348725059991784,2.6474009645099863,0.6899055089402161,0.7029313097947744,0.010472804345529546,0.02140637955828121
QP071,Asym_left,TPE,3,2,0.29847829593956055,0.2993126394255556,0.9705780589387901,0.49513723058354764,0.7763900527875571,6.352848567703772,0.6537717891768422,0.012374793129120643,0.025059940857996968
QP071,Asym_left,TPE,4,1,0.18823042200009646,0.08605339774356707,0.9048822635550645,0.4973897151590033,2.1069135630050986,1.1875508894052327,0.725324448055831,0.028888501061850362,0.023902747246646348
QP071,Asym_left,TPE,4,2,0.25483093011466695,0.2553517186948809,0.8311324480566316,0.669010455074968,2.5129394567791294,9.92435830631932,0.8159064378325961,0.015693088546269454,0.026513628969087648
QP071,Asym_left,TPE,5,1,0.23198289256653293,0.171268136487432,0.9180107200639758,0.5331896846705041,0.1659812428045807,1.0469799499872279,0.4698891897309143,0.022031420891874813,0.015225726339414639
QP071,Asym_left,TPE,5,2,0.21415441515681044,0.16196830031030862,0.942335847330338,0.5592425230617167,0.1995730109588585,7.071722049802824,0.6596546156809707,0.013359614131273626,0.028768205243810484
QP071,Asym_left,TPE,6,1,0.27617916543178217,0.029187712921721256,0.9988500468822389,0.6697909221248729,1.9022533945775757,5.942388934162164,0.8288042036710543,0.010268629930516415,0.015050988559763674
QP071,Asym_left,TPE,6,2,0.25851813030981446,0.18427060092029834,0.9690714773329551,0.4193635644304448,1.192359124544634,8.504634667344453,0.7740093925785155,0.012265585342065548,0.020357726936087818
QP071,Asym_left,TPE,7,1,0.23003469188079764,0.27707508255896723,0.9932585750470737,0.34282561384444454,1.0049108730183731,9.360025457728456,0.5642015595366847,0.022701797250930772,0.01792960402599093
QP071,Asym_left,TPE,7,2,0.22487813827474068,0.014571399026445081,0.7338149780370007,0.6569525254599846,0.46221242456017164,9.863344488703671,0.9331638122673375,0.014306697001962587,0.025465497694761793
QP071,Asym_left,TPE,8,1,0.25098179329503556,0.16103592650648685,0.9592555745642145,0.2603983616887361,1.1079615131527598,1.9468664319695363,0.6756335355672968,0.01330367654620664,0.028769039676705105
QP071,Asym_left,TPE,8,2,0.27271070186526947,0.2540948878942003,0.9055048308934416,0.6721237425383235,1.8957124514301305,3.432163597925256,0.7469669918517573,0.019201597993334797,0.029142297151128982
